id,rarity,season,item_type,name
1,Legendary,Y9S2,Card Background,COMPILED INFORMATION
2,Legendary,Y7S1,Card Background,FIERY INTENSITY
3,Legendary,Y8S4,Card Background,IT LURKS BELOW
4,Legendary,Y9S1,Card Background,LOCKER ROOM
5,Legendary,Y6S4,Card Background,SNOW BRAWL
6,Legendary,Y8S1,Card Background,TERRA UNIDA
7,Legendary,Y6S4,Charm,AETHER VIAL
8,Legendary,Y5S2,Charm,CHIEF ROOSTER
9,Legendary,Y7S1,Charm,HANNYA MASK
10,Legendary,Y5S3,Charm,LIEUTENANT BEAR
11,Legendary,Y6S1,Charm,UPSCALE CIGAR HOLDER
12,Legendary,Y8S1,Drone Skin,LORD FLUFFERS
13,Legendary,Y6S4,Gadget Skin,CRUSHING CANES
14,Legendary,Y7S2,Gadget Skin,DAWNBEARER PAVISE
15,Legendary,Y7S3,Headgear,AERATED BODY ARMOR
16,Legendary,Y6S4,Headgear,ALL EARS
17,Legendary,Y6S4,Headgear,ANTHROPOMORPHIC
18,Legendary,Y5S2,Headgear,ARTIFICIAL HOST
19,Legendary,Y6S2,Headgear,ATROCIOUS GUNK
20,Legendary,Y5S4,Headgear,AUBURN FACEPIECE
21,Legendary,Y9S2,Headgear,AURUM CONTROLLER
22,Legendary,Y6S4,Headgear,AUSSIE ENERGY
23,Legendary,Y5S2,Headgear,BIKER BLUES
24,Legendary,Y7S1,Headgear,BIKER WEAR
25,Legendary,Y7S3,Headgear,BLIND CREATION
26,Legendary,Y5S3,Headgear,BONFIRE NARRATOR
27,Legendary,Y5S1,Headgear,BOXING CLUB
28,Legendary,Y8S4,Headgear,BRAIN FREEZE
29,Legendary,Y4S3,Headgear,BRIMSTONED
30,Legendary,Y5S2,Headgear,BRUTISH CYBORG
31,Legendary,Y8S3,Headgear,BUSAN HOWLER
32,Legendary,Y5S3,Headgear,CACKLING DUMMY
33,Legendary,Y8S1,Headgear,CARNIVAL QUEEN
34,Legendary,Y6S1,Headgear,CLAN WARFARE
35,Legendary,Y5S1,Headgear,CLEAN OPERATIVE
36,Legendary,Y4S4,Headgear,COMPETITOR BLITZ '20
37,Legendary,Y4S4,Headgear,COMPETITOR SLEDGE '20
38,Legendary,Y5S2,Headgear,COPPER AUTOMATON
39,Legendary,Y4S3,Headgear,CREATOR
40,Legendary,Y5S2,Headgear,CYBERNETIC DRONE
41,Legendary,Y9S2,Headgear,CYCLOPEAN FEATURES
42,Legendary,Y7S2,Headgear,DAYRISE AGENT
43,Legendary,Y7S2,Headgear,DAYRISE CITIZEN
44,Legendary,Y7S2,Headgear,DAYRISE FIXER
45,Legendary,Y7S2,Headgear,DAYRISE NOBLE
46,Legendary,Y7S2,Headgear,DAYRISE PHALANX
47,Legendary,Y7S2,Headgear,DAYRISE WORKER
48,Legendary,Y9S1,Headgear,DE JUSTESSE
49,Legendary,Y4S3,Headgear,DEAD BARON
50,Legendary,Y5S3,Headgear,DETECTION HEADSET
51,Legendary,Y4S3,Headgear,DEVOURER
52,Legendary,Y7S1,Headgear,DRAGONFLY SCOUT
53,Legendary,Y7S1,Headgear,DREADFUL BABOON
54,Legendary,Y8S2,Headgear,DREADFUL MIEN
55,Legendary,Y5S3,Headgear,DROWSY DOLLY
56,Legendary,Y8S1,Headgear,DUCK COVER
57,Legendary,Y5S2,Headgear,DURABLE DROID
58,Legendary,Y3S2,Headgear,EASY TRAIN
59,Legendary,Y8S3,Headgear,EMBLAZONED
60,Legendary,Y6S3,Headgear,EXPENSIVE SUNNIES
61,Legendary,Y5S3,Headgear,FABRIC MONSTER
62,Legendary,Y9S3,Headgear,FACELESS TYRANT
63,Legendary,Y7S1,Headgear,FIREBIRD WRAPS
64,Legendary,Y7S1,Headgear,FLAMING RYU
65,Legendary,Y6S2,Headgear,FOLIAGE COVER
66,Legendary,Y7S3,Headgear,FOREVER CURSED
67,Legendary,Y6S3,Headgear,FREQUENCY HEADPIECE
68,Legendary,Y4S1,Headgear,FUCHSIA FLUTTER
69,Legendary,Y9S2,Headgear,FULL PERCEPTION
70,Legendary,Y7S1,Headgear,GALE RIDER
71,Legendary,Y9S3,Headgear,GAZE OF DREAD
72,Legendary,Y7S3,Headgear,GHOULISH STRENGTH
73,Legendary,Y5S2,Headgear,GOLDEN CONSTRUCT
74,Legendary,Y4S3,Headgear,GRUNT
75,Legendary,Y7S1,Headgear,HARVEST BLESSING
76,Legendary,Y9S2,Headgear,HEADSTRONG
77,Legendary,Y5S3,Headgear,HEMOGLOBIN BUFF
78,Legendary,Y8S2,Headgear,HOPELESSNESS INCARNATE
79,Legendary,Y8S1,Headgear,HOPPY ENDINGS
80,Legendary,Y4S3,Headgear,HYBRID MONSTER
81,Legendary,Y8S1,Headgear,IMPERIAL GALLIC
82,Legendary,Y6S2,Headgear,INHUMAN
83,Legendary,Y3S1,Headgear,ISOLATION
84,Legendary,Y3S1,Headgear,ISOLATION
85,Legendary,Y7S1,Headgear,JADE SERPENT
86,Legendary,Y6S2,Headgear,LAID BACK
87,Legendary,Y6S2,Headgear,LETHAL CRUD
88,Legendary,Y4S3,Headgear,LIVE CORPSE
89,Legendary,Y5S2,Headgear,LOOSE USHANKA
90,Legendary,Y9S1,Headgear,LOW EXPOSURE
91,Legendary,Y5S1,Headgear,MADCAP
92,Legendary,Y6S1,Headgear,MAKESHIFT HAIR DYE
93,Legendary,Y8S4,Headgear,MAW OF WINTER
94,Legendary,Y4S2,Headgear,MELON WHITE
95,Legendary,Y5S4,Headgear,MISSION BLACKSMITH
96,Legendary,Y5S1,Headgear,MISSION BLACKSMITH
97,Legendary,Y5S2,Headgear,MODULAR MIND
98,Legendary,Y9S3,Headgear,MOON CALLING
99,Legendary,Y9S2,Headgear,MULTIFACETED
100,Legendary,Y6S2,Headgear,MUTATED SPECTER
101,Legendary,Y9S3,Headgear,MYSTERIOUS VISAGE
102,Legendary,Y4S4,Headgear,NIGHTHAVEN PROTOTYPE
103,Legendary,Y4S4,Headgear,NIGHTHAVEN PROTOTYPE
104,Legendary,Y8S2,Headgear,NO PICTURES
105,Legendary,Y7S1,Headgear,NOBLE BEARING
106,Legendary,Y5S3,Headgear,ON THE MEND
107,Legendary,Y8S2,Headgear,OTHERWORDLY STUNNER
108,Legendary,Y8S3,Headgear,PARASITIC EXISTENCE
109,Legendary,Y9S3,Headgear,PARTICLE SANITIZER
110,Legendary,Y4S1,Headgear,PARTY ANIMAL
111,Legendary,Y5S1,Headgear,PEAK EXCURSION
112,Legendary,Y6S3,Headgear,PIERCING SHRIEKS
113,Legendary,Y6S3,Headgear,PITFALL TRAP
114,Legendary,Y6S4,Headgear,POLAR FANGS
115,Legendary,Y4S1,Headgear,PRINCESS BLACKBEARD
116,Legendary,Y8S2,Headgear,PROBOSCIS
117,Legendary,Y5S3,Headgear,RE-ANIMATED
118,Legendary,Y6S4,Headgear,RECRUITMENT TRIP
119,Legendary,Y7S3,Headgear,RED ENVY
120,Legendary,Y7S4,Headgear,REDHAMMER STANDARD
121,Legendary,Y7S4,Headgear,REDHAMMER STANDARD
122,Legendary,Y7S4,Headgear,REDHAMMER STANDARD
123,Legendary,Y7S4,Headgear,REDHAMMER STANDARD
124,Legendary,Y4S3,Headgear,RISEN
125,Legendary,Y5S2,Headgear,ROBOT ANTENNA
126,Legendary,Y6S3,Headgear,SANGUINARY HOST
127,Legendary,Y4S3,Headgear,SANITARIUM
128,Legendary,Y6S2,Headgear,SAWTOOTH
129,Legendary,Y7S1,Headgear,SCORCHING ZEAL
130,Legendary,Y7S2,Headgear,SCRAPTOWN BOUNCER
131,Legendary,Y7S2,Headgear,SCRAPTOWN RACER
132,Legendary,Y7S2,Headgear,SCRAPTOWN SCROUNGER
133,Legendary,Y6S3,Headgear,SEVERED
134,Legendary,Y4S2,Headgear,SHERIFF BLACK
135,Legendary,Y7S3,Headgear,SHRIMP CAPTAIN
136,Legendary,Y5S3,Headgear,SHRUB COVER
137,Legendary,Y8S4,Headgear,SINISTER TRANSFORMATION
138,Legendary,Y7S1,Headgear,SKELETAL SHROUD
139,Legendary,Y8S4,Headgear,SKY JAWS
140,Legendary,Y5S3,Headgear,SLASHER ENTHUSIAST
141,Legendary,Y6S4,Headgear,SLEIGH GUIDE
142,Legendary,Y5S3,Headgear,SPOOKY TEXTILE
143,Legendary,Y9S1,Headgear,STIFF CONDITION
144,Legendary,Y5S3,Headgear,STITCHED APPARITION
145,Legendary,Y7S1,Headgear,STORM FRONT
146,Legendary,Y7S3,Headgear,STYGIAN INCARNATION
147,Legendary,Y3S2,Headgear,SUMMER COOL
148,Legendary,Y4S3,Headgear,SUTURE
149,Legendary,Y8S4,Headgear,TENTACLE PURSUIT
150,Legendary,Y4S1,Headgear,THE UNICORN
151,Legendary,Y9S1,Headgear,TOMBSTONE GAZE
152,Legendary,Y8S3,Headgear,TOPKNOT PRESENTATION
153,Legendary,Y7S4,Headgear,TORRENT VIZARD
154,Legendary,Y5S3,Headgear,TRICK O' TREATER
155,Legendary,Y9S1,Headgear,TWISTED MOCKERY
156,Legendary,Y6S3,Headgear,UNDERWATER PREDATOR
157,Legendary,Y7S1,Headgear,VICIOUS ASP
158,Legendary,Y8S1,Headgear,VIPERSTRIKE STANDARD
159,Legendary,Y8S2,Headgear,VITRIFIED GUARD
160,Legendary,Y4S2,Headgear,VOODOO BANDANA
161,Legendary,Y7S2,Headgear,WOLFGUARD STANDARD
162,Legendary,Y7S4,Headgear,X-STACHE
163,Legendary,Y7S3,Operator Portrait,AERATED BODY ARMOR
164,Legendary,Y8S2,Operator Portrait,ANTI
165,Legendary,Y7S1,Operator Portrait,BIKER WEAR
166,Legendary,Y9S1,Operator Portrait,DESPERADO
167,Legendary,Y8S4,Operator Portrait,EARTHEN HIDE
168,Legendary,Y7S1,Operator Portrait,FLAMING RYU
169,Legendary,Y8S3,Operator Portrait,HOME RANGE
170,Legendary,Y7S1,Operator Portrait,JADE SERPENT
171,Legendary,Y8S2,Operator Portrait,KAOLIN MASTERY
172,Legendary,Y8S2,Operator Portrait,LONGBOAT DIPLOMACY
173,Legendary,Y8S1,Operator Portrait,LORICA SEGMENTATA
174,Legendary,Y8S1,Operator Portrait,MUSA SAMBA
175,Legendary,Y8S3,Operator Portrait,OFFICER BRIGANDINE
176,Legendary,Y7S4,Operator Portrait,SEABED CONCEALMENT
177,Legendary,Y6S4,Operator Portrait,SPLIT SQUATTER
178,Legendary,Y6S4,Operator Portrait,SPOTLESS TRAINER
179,Legendary,Y9S2,Operator Portrait,SUPERVOLCANO
180,Legendary,Y8S1,Operator Portrait,VIPERSTRIKE STANDARD
181,Legendary,Y7S2,Operator Portrait,WOLFGUARD STANDARD
182,Legendary,Y7S3,Uniform,AERATED BODY ARMOR
183,Legendary,Y8S2,Uniform,ANTI
184,Legendary,Y5S4,Uniform,ASSERTIVE CAPTAIN
185,Legendary,Y7S1,Uniform,BIKER WEAR
186,Legendary,Y6S2,Uniform,BRISTLY DISGUISE
187,Legendary,Y6S1,Uniform,BUSINESS CASUAL
188,Legendary,Y4S4,Uniform,COMPETITOR BLITZ '20
189,Legendary,Y4S4,Uniform,COMPETITOR MOZZIE '20
190,Legendary,Y4S4,Uniform,COMPETITOR SLEDGE '20
191,Legendary,Y3S1,Uniform,DECONTAMINATION
192,Legendary,Y3S1,Uniform,DECONTAMINATION
193,Legendary,Y9S1,Uniform,DESPERADO
194,Legendary,Y6S2,Uniform,DREADFUL FIGMENT
195,Legendary,Y8S4,Uniform,EARTHEN HIDE
196,Legendary,Y7S1,Uniform,FLAMING RYU
197,Legendary,Y8S3,Uniform,GATEKEEPER
198,Legendary,Y6S2,Uniform,GHASTLY VARMINT
199,Legendary,Y6S2,Uniform,GROTESQUE BRUTE
200,Legendary,Y4S2,Uniform,HEAVY ORNATE
201,Legendary,Y6S1,Uniform,HIGH FASHION
202,Legendary,Y6S4,Uniform,IN THE WRONG
203,Legendary,Y8S2,Uniform,KAOLIN MASTERY
204,Legendary,Y4S2,Uniform,LEATHER MOTIF
205,Legendary,Y8S2,Uniform,LONGBOAT DIPLOMACY
206,Legendary,Y8S1,Uniform,LORICA SEGMENTATA
207,Legendary,Y5S1,Uniform,MIRE HIKE
208,Legendary,Y6S2,Uniform,MISCREATION
209,Legendary,Y5S2,Uniform,MOBILE TROOPER
210,Legendary,Y6S2,Uniform,MONSTROSITY
211,Legendary,Y8S1,Uniform,MUSA SAMBA
212,Legendary,Y8S3,Uniform,OFFICER BRIGANDINE
213,Legendary,Y6S3,Uniform,PLANT OF PREY
214,Legendary,Y5S3,Uniform,RARE SERENITY
215,Legendary,Y4S3,Uniform,ROTTEN
216,Legendary,Y6S2,Uniform,RUN-OF-THE-MILL
217,Legendary,Y7S4,Uniform,SEABED CONCEALMENT
218,Legendary,Y6S4,Uniform,SPLIT SQUATTER
219,Legendary,Y6S4,Uniform,SPOTLESS TRAINER
220,Legendary,Y6S1,Uniform,STREET SMART
221,Legendary,Y5S1,Uniform,STRIPED SYNDICATE
222,Legendary,Y6S2,Uniform,SUBSISTER
223,Legendary,Y9S2,Uniform,SUPERVOLCANO
224,Legendary,Y5S3,Uniform,SWAMP TREK
225,Legendary,Y9S2,Uniform,TECHNOLOGICAL MATRIX
226,Legendary,Y8S1,Uniform,UNBEARABLY PINK
227,Legendary,Y6S3,Uniform,UNCEREMONIOUS GREATNESS
228,Legendary,Y8S1,Uniform,VIPERSTRIKE STANDARD
229,Legendary,Y7S2,Uniform,WOLFGUARD STANDARD
230,Legendary,Y6S4,Attachment Skin,AETHEREAL FLUX
231,Legendary,Y6S1,Attachment Skin,FIRST CLASS BURGLARY
232,Legendary,Y6S4,Attachment Skin,S.I. 2022 TRIUMPHANT
233,Legendary,Y5S4,Attachment Skin,SIGNATURE SIX '21
234,Legendary,Y6S3,Attachment Skin,SINISTER INFUSION
235,Legendary,Y6S3,Attachment Skin,WORLD-CLASS APPARATUS
236,Legendary,Y6S4,Weapon Skin,AETHEREAL FLUX
237,Legendary,Y1S4,Weapon Skin,BLUE NEBULA
238,Legendary,Y7S3,Weapon Skin,CLOAKED INTERLOPER
239,Legendary,Y7S4,Weapon Skin,COLORFUL DANCE
240,Legendary,Y7S3,Weapon Skin,CURSEBOUND
241,Legendary,Y5S1,Weapon Skin,ELEGANCE DESIGN
242,Legendary,Y9S1,Weapon Skin,ETHEREAL MARKSMAN
243,Legendary,Y7S2,Weapon Skin,EXPERIMENTAL UNIT
244,Legendary,Y8S2,Weapon Skin,FABLE SHAPINGS
245,Legendary,Y5S4,Weapon Skin,FACTORY PRECURSOR
246,Legendary,Y8S3,Weapon Skin,FEROCIOUS GREEN
247,Legendary,Y6S1,Weapon Skin,FIRST CLASS BURGLARY
248,Legendary,Y9S3,Weapon Skin,FLIGHT OF TRIUMPH
249,Legendary,Y6S4,Weapon Skin,GIFT-WRAPPED
250,Legendary,Y5S1,Weapon Skin,GOLDEN TRIUMPH
251,Legendary,Y7S3,Weapon Skin,HAVEN TROUBLESHOOTER
252,Legendary,Y3S1,Weapon Skin,HEMORRHAGE
253,Legendary,Y3S1,Weapon Skin,HEMORRHAGE
254,Legendary,Y8S3,Weapon Skin,HOT AND SPICY
255,Legendary,Y9S3,Weapon Skin,INNOVATIVE CODEX
256,Legendary,Y7S4,Weapon Skin,LA LEYENDA
257,Legendary,Y7S1,Weapon Skin,LASHING VIPER
258,Legendary,Y9S2,Weapon Skin,MAXIMIZED DESIGN
259,Legendary,Y6S3,Weapon Skin,MOVEABLE APOTHECARY
260,Legendary,Y6S4,Weapon Skin,MYTHICAL CAT
261,Legendary,Y1S4,Weapon Skin,OBSIDIAN
262,Legendary,Y7S4,Weapon Skin,PEARL RIPPLE
263,Legendary,Y8S4,Weapon Skin,POINT OF SAIL
264,Legendary,Y7S3,Weapon Skin,POISONOUS MEMBRANE
265,Legendary,Y8S1,Weapon Skin,PRIMUS PILUS
266,Legendary,Y8S2,Weapon Skin,PURGATION FIREBRAND
267,Legendary,Y8S1,Weapon Skin,RECHARGING ADDER
268,Legendary,Y7S1,Weapon Skin,RED WOLF
269,Legendary,Y3S1,Weapon Skin,RETRO STEEL
270,Legendary,Y6S4,Weapon Skin,S.I. 2022 TRIUMPHANT
271,Legendary,Y5S3,Weapon Skin,SHARP VENDETTA
272,Legendary,Y8S2,Weapon Skin,SHREDDED RIFFS
273,Legendary,Y4S4,Weapon Skin,SIGNATURE SIX '20
274,Legendary,Y5S4,Weapon Skin,SIGNATURE SIX '21
275,Legendary,Y6S3,Weapon Skin,SINISTER INFUSION
276,Legendary,Y7S4,Weapon Skin,STICK CANDY
277,Legendary,Y8S4,Weapon Skin,STONE TALON
278,Legendary,Y7S4,Weapon Skin,SWEET MERRIMENT
279,Legendary,Y7S2,Weapon Skin,THREAT ASSESMENT
280,Legendary,Y9S1,Weapon Skin,TRANQUIL AMBUSH
281,Legendary,Y6S3,Weapon Skin,TRIGGER HAIR
282,Legendary,Y8S2,Weapon Skin,UNBREAKABLE SHINE
283,Legendary,Y7S2,Weapon Skin,UNINVITED GUEST
284,Legendary,Y5S2,Weapon Skin,VELVETEEN
285,Legendary,Y8S1,Weapon Skin,WINGS OF PARADISE
286,Legendary,Y6S3,Weapon Skin,WORLD-CLASS APPARATUS
287,Legendary,Y9S1,Weapon Skin,WORN DOWN FRIEND
288,Legendary,Y8S3,Weapon Skin,YEOUIJU
289,Epic,Y7S3,Card Background,CONTAINMENT
290,Epic,Y7S1,Card Background,ETERNAL BATTLE
291,Epic,Y7S2,Card Background,FLESH AND METAL
292,Epic,Y7S3,Card Background,GHASTLY SITUATION
293,Epic,Y7S4,Card Background,LA LEYENDA
294,Epic,Y7S2,Card Background,MUTE PROTOCOL
295,Epic,Y9S2,Card Background,NEOTERIC SKYLINE
296,Epic,Y8S1,Card Background,RAINBOW IS MAGIC
297,Epic,Y8S2,Card Background,RESEARCH FACILITY
298,Epic,Y8S4,Card Background,SOULLESS DESPAIR
299,Epic,Y8S3,Card Background,SPICE OF LIFE
300,Epic,Y7S3,Card Background,STREET ARTIST
301,Epic,Y6S4,Card Background,THE STRENGTH LITHOGRAPH
302,Epic,Y7S3,Card Background,UNHINGED FACILITY
303,Epic,Y7S3,Card Background,UNNATURAL EXISTENCE
304,Epic,Y7S4,Card Background,WINTERTIME REVELRY
305,Epic,Y5S3,Headgear,ADAPTIVE MASK
306,Epic,Y2S3,Headgear,AGONIZED
307,Epic,Y5S2,Headgear,ALPINE AGENT
308,Epic,Y6S2,Headgear,AMBIENT AIR
309,Epic,Y9S1,Headgear,BALD EAGLE
310,Epic,Y8S1,Headgear,BEAR WITH ME
311,Epic,Y8S3,Headgear,BIGHORN GREY
312,Epic,Y6S2,Headgear,BREATHING ZONE
313,Epic,Y5S2,Headgear,BROKEN HEARTS CLUB
314,Epic,Y9S2,Headgear,BRUTISH CYBORG '24
315,Epic,Y5S1,Headgear,BUSINESS FEDORA
316,Epic,Y6S4,Headgear,CANDY MICROPHONE
317,Epic,Y6S2,Headgear,CAPILLARY ASHINESS
318,Epic,Y5S1,Headgear,CAREER WOMAN
319,Epic,Y9S3,Headgear,CELESTIAL VIBRANCE
320,Epic,Y9S3,Headgear,CHRYSELEPHANTINE
321,Epic,Y5S1,Headgear,CLASSY DELINQUENT
322,Epic,Y6S2,Headgear,CLIMBING HELMET
323,Epic,Y6S1,Headgear,COMMANDER CAP
324,Epic,Y4S4,Headgear,COMPETITOR MOZZIE '20
325,Epic,Y9S2,Headgear,CONNECTION RELAY
326,Epic,Y4S2,Headgear,COWBOY CLASSIC
327,Epic,Y8S1,Headgear,DAPPER TOPPER
328,Epic,Y9S2,Headgear,DEPTH OF MIND
329,Epic,Y9S3,Headgear,DEVOURER '24
330,Epic,Y6S1,Headgear,DOOMSDAY NAVIGATOR
331,Epic,Y9S2,Headgear,DURABLE DROID '24
332,Epic,Y7S4,Headgear,ELF BONNET
333,Epic,Y5S1,Headgear,FLAPPER CHIC
334,Epic,Y5S1,Headgear,FLUSH SNOWFALL
335,Epic,Y3S2,Headgear,FREEDIVE
336,Epic,Y6S2,Headgear,FREEWHEELING PILOT
337,Epic,Y6S1,Headgear,FUME-PROOF
338,Epic,Y7S4,Headgear,GEOMETRICAL BROCADE
339,Epic,Y2S3,Headgear,GHASTLY
340,Epic,Y8S3,Headgear,GHASTLY PRESAGE
341,Epic,Y7S4,Headgear,GHOSTEYES STANDARD
342,Epic,Y7S4,Headgear,GINGERBREAD-SET
343,Epic,Y8S4,Headgear,GLACIAL
344,Epic,Y7S2,Headgear,GOLD LEAF
345,Epic,Y9S2,Headgear,GOLDEN CONSTRUCT '24
346,Epic,Y4S3,Headgear,GRIM HARBINGER
347,Epic,Y5S1,Headgear,GRIZZLY VETERAN
348,Epic,Y5S4,Headgear,GUARDING FACEPIECE
349,Epic,Y4S2,Headgear,HARDEE MONOCLE
350,Epic,Y6S1,Headgear,HONCHO
351,Epic,Y8S1,Headgear,HOW DEER YOU
352,Epic,Y6S2,Headgear,INHALATION
353,Epic,Y3S1,Headgear,ISOLATION
354,Epic,Y3S1,Headgear,ISOLATION
355,Epic,Y3S1,Headgear,ISOLATION
356,Epic,Y3S1,Headgear,ISOLATION
357,Epic,Y5S4,Headgear,JOLLY BONNET
358,Epic,Y6S2,Headgear,LAB OPERATIVE
359,Epic,Y4S4,Headgear,LITTLE HELPER
360,Epic,Y6S4,Headgear,MISSION BLACKSMITH
361,Epic,Y5S1,Headgear,MISSION BLACKSMITH
362,Epic,Y5S4,Headgear,MISSION BLACKSMITH
363,Epic,Y5S2,Headgear,MISSION BLACKSMITH
364,Epic,Y5S3,Headgear,MISSION BLACKSMITH
365,Epic,Y5S1,Headgear,MISSION BLACKSMITH
366,Epic,Y6S1,Headgear,MUCKY DRIFTER
367,Epic,Y5S1,Headgear,NEAT MISDEED
368,Epic,Y2S3,Headgear,NECROSIS
369,Epic,Y5S1,Headgear,NEWSBOY
370,Epic,Y6S3,Headgear,NHVN ADVANCED HEADPIECE
371,Epic,Y4S4,Headgear,NIGHTHAVEN PROTOTYPE
372,Epic,Y4S4,Headgear,NIGHTHAVEN PROTOTYPE
373,Epic,Y6S1,Headgear,OCULAR SCALES
374,Epic,Y7S2,Headgear,OTORONGO
375,Epic,Y9S3,Headgear,PITFALL TRAP '24
376,Epic,Y6S3,Headgear,PRECISION-GUIDED
377,Epic,Y6S1,Headgear,REBEL DARK
378,Epic,Y7S4,Headgear,REDHAMMER STANDARD
379,Epic,Y9S3,Headgear,RISEN '24
380,Epic,Y9S2,Headgear,ROBOT ANTENNA '24
381,Epic,Y4S2,Headgear,RODEO DAHLIA
382,Epic,Y7S1,Headgear,SAKURA PETAL
383,Epic,Y8S1,Headgear,SCHOLAE PALATINAE
384,Epic,Y7S4,Headgear,SEAFARING PRESERVER
385,Epic,Y6S1,Headgear,SHAVED LINE
386,Epic,Y6S4,Headgear,SHELL SEAL
387,Epic,Y5S1,Headgear,SIX RELIEF
388,Epic,Y2S3,Headgear,SLASHER
389,Epic,Y4S4,Headgear,SNOW BEARD
390,Epic,Y6S1,Headgear,SOLDIER OF COLLAPSE
391,Epic,Y5S3,Headgear,SPECTRAL RANGE
392,Epic,Y6S4,Headgear,STEADY BREATH
393,Epic,Y6S1,Headgear,STRATEGIC SHADES
394,Epic,Y4S3,Headgear,TENDER PEEPERS
395,Epic,Y5S4,Headgear,TINTED FACEPIECE
396,Epic,Y8S2,Headgear,TOXICOGNATH
397,Epic,Y7S3,Headgear,UNDERSEA SUNBURST
398,Epic,Y9S3,Headgear,UNDERWATER PREDATOR '24
399,Epic,Y6S2,Headgear,VAPOR SHIELD
400,Epic,Y6S1,Headgear,WASTELAND WANDERER
401,Epic,Y4S2,Headgear,WESTERN HELMET
402,Epic,Y7S1,Headgear,WESTERN STEWARD
403,Epic,Y4S2,Headgear,WHITE-BROWN COW
404,Epic,Y4S2,Headgear,WIDE BRIM
405,Epic,Y6S1,Headgear,WINTER SURVIVALIST
406,Epic,Y8S2,Headgear,WOLF LORD
407,Epic,Y7S4,Headgear,WORKSHOP SPIRIT
408,Epic,Y8S2,Uniform,ABERRANT MENACE
409,Epic,Y5S2,Uniform,ALLOY ASPECT
410,Epic,Y5S3,Uniform,AMBITIOUS PUPPET
411,Epic,Y9S3,Uniform,ANTHEMION
412,Epic,Y6S1,Uniform,AUTHORITY CRUSHER
413,Epic,Y8S4,Uniform,AVALANCHE WIGHT
414,Epic,Y8S1,Uniform,BEAK-A-BOO
415,Epic,Y4S4,Uniform,BENEVOLENT MAN
416,Epic,Y9S2,Uniform,BLITZKRIEG
417,Epic,Y3S2,Uniform,BLUE HIBISCUS
418,Epic,Y5S2,Uniform,BOLTED FRAME
419,Epic,Y9S2,Uniform,BOLTED FRAME '24
420,Epic,Y4S2,Uniform,BRONCO SADDLE
421,Epic,Y8S1,Uniform,BUN VOYAGE
422,Epic,Y4S2,Uniform,BURGUNDY AND CHAPS
423,Epic,Y7S4,Uniform,CAMINANTE
424,Epic,Y7S3,Uniform,CARAPACE CASING
425,Epic,Y5S2,Uniform,CARBON COPY
426,Epic,Y6S1,Uniform,CARD CHAMPION
427,Epic,Y4S3,Uniform,CHARGED CONVICT
428,Epic,Y6S2,Uniform,CHIMERA SUPPRESSOR
429,Epic,Y7S4,Uniform,CHRISTMASTIDE STAFF
430,Epic,Y5S2,Uniform,CHROME PERSON
431,Epic,Y9S2,Uniform,CHROME PERSON '24
432,Epic,Y7S4,Uniform,COASTLINE SECURITY
433,Epic,Y8S4,Uniform,COLD EMBRACE
434,Epic,Y5S3,Uniform,COMMANDING PUPPET
435,Epic,Y4S4,Uniform,COMPETITOR CAVEIRA '20
436,Epic,Y4S4,Uniform,COMPETITOR HIBANA '20
437,Epic,Y4S4,Uniform,COMPETITOR THERMITE '20
438,Epic,Y5S1,Uniform,DANGER STUNT
439,Epic,Y5S1,Uniform,DAPPER GARB
440,Epic,Y4S3,Uniform,DARK LACE
441,Epic,Y7S3,Uniform,DARKNESS DENIZEN
442,Epic,Y8S1,Uniform,DASHING GENTLEMAN
443,Epic,Y7S2,Uniform,DAYRISE AGENT
444,Epic,Y7S2,Uniform,DAYRISE CITIZEN
445,Epic,Y7S2,Uniform,DAYRISE FIXER
446,Epic,Y7S2,Uniform,DAYRISE NOBLE
447,Epic,Y7S2,Uniform,DAYRISE PHALANX
448,Epic,Y7S2,Uniform,DAYRISE WORKER
449,Epic,Y2S3,Uniform,DEAD PINES
450,Epic,Y6S3,Uniform,DEADLY ELEGANCE
451,Epic,Y3S1,Uniform,DECONTAMINATION
452,Epic,Y3S1,Uniform,DECONTAMINATION
453,Epic,Y3S1,Uniform,DECONTAMINATION
454,Epic,Y3S1,Uniform,DECONTAMINATION
455,Epic,Y6S1,Uniform,DESERT DWELLER
456,Epic,Y5S3,Uniform,DIPLOMATIC PUPPET
457,Epic,Y2S3,Uniform,DISASTER
458,Epic,Y6S2,Uniform,DISPATCHED
459,Epic,Y7S1,Uniform,DREADFUL BABOON
460,Epic,Y4S1,Uniform,DUKE OF BUTTERFLIES
461,Epic,Y4S1,Uniform,ELECTRIC LEOPARD
462,Epic,Y9S2,Uniform,ELEMENTAL GEAR
463,Epic,Y8S3,Uniform,EMPIRIC
464,Epic,Y8S2,Uniform,END TIME BEAST
465,Epic,Y9S1,Uniform,FALSE PRETENSE
466,Epic,Y8S1,Uniform,FAWN-TASTIC
467,Epic,Y6S4,Uniform,FELINE ENFORCER
468,Epic,Y6S1,Uniform,FEROCIOUS DOMINION
469,Epic,Y6S4,Uniform,FESTIVE STRIPES
470,Epic,Y5S1,Uniform,FIELD MEDIC
471,Epic,Y7S3,Uniform,FIERY CRUSADE
472,Epic,Y6S4,Uniform,FIGURE SOLDIER
473,Epic,Y7S1,Uniform,FIREBIRD WRAPS
474,Epic,Y6S2,Uniform,FIT CRAGSWOMAN
475,Epic,Y5S1,Uniform,FLUSH BLIZZARD
476,Epic,Y7S4,Uniform,FOLKLORIC SAMARITAN
477,Epic,Y6S1,Uniform,FREEBOOTER
478,Epic,Y6S2,Uniform,FREEWHEELING PILOT
479,Epic,Y5S1,Uniform,FRONT LEADER
480,Epic,Y6S2,Uniform,FRONTLINER
481,Epic,Y5S2,Uniform,FROSTY WEATHER
482,Epic,Y7S1,Uniform,GALE RIDER
483,Epic,Y9S1,Uniform,GENETIC SAFEGUARD
484,Epic,Y7S4,Uniform,GHOSTEYES STANDARD
485,Epic,Y9S1,Uniform,GLASS AND DUST
486,Epic,Y6S1,Uniform,GOLDEN TRACKSUIT
487,Epic,Y7S3,Uniform,GUT-CHURNER
488,Epic,Y7S1,Uniform,HARVEST BLESSING
489,Epic,Y9S1,Uniform,HAZARD PROTECTION
490,Epic,Y6S1,Uniform,HEMATITE GRAIN
491,Epic,Y8S4,Uniform,HUNTING ACCOUTREMENTS
492,Epic,Y7S3,Uniform,ILL-FATED EXPLORER
493,Epic,Y5S3,Uniform,IMPETUOUS PUPPET
494,Epic,Y8S3,Uniform,INFECTIOUS GROWTH
495,Epic,Y6S3,Uniform,INNOVATIVE TEXTILE
496,Epic,Y5S2,Uniform,INSULATED BODY
497,Epic,Y7S1,Uniform,JADE SERPENT
498,Epic,Y8S3,Uniform,JANGSANG BEOM
499,Epic,Y6S3,Uniform,LAGOON BEAST
500,Epic,Y4S4,Uniform,LITTLE HELPER
501,Epic,Y8S1,Uniform,LORICA MUSCULATA
502,Epic,Y8S2,Uniform,MALEDICTION VECTOR
503,Epic,Y5S2,Uniform,MANUFACTURE SUIT
504,Epic,Y9S2,Uniform,MANUFACTURED LIFE
505,Epic,Y6S1,Uniform,MASTER OF UPHEAVAL
506,Epic,Y9S1,Uniform,MATURE PLUMAGE
507,Epic,Y5S1,Uniform,MISDEMEANOR SCANDAL
508,Epic,Y5S2,Uniform,MISSION BLACKSMITH
509,Epic,Y5S1,Uniform,MISSION BLACKSMITH
510,Epic,Y9S3,Uniform,MORTAL GORGON
511,Epic,Y4S3,Uniform,MUTILATED
512,Epic,Y7S3,Uniform,NAUTICAL REVOLT
513,Epic,Y7S1,Uniform,NOBLE BEARING
514,Epic,Y2S3,Uniform,ONRYO
515,Epic,Y7S2,Uniform,OTORONGO
516,Epic,Y5S2,Uniform,PADDED CHASSIS
517,Epic,Y9S2,Uniform,PATCHED ASSEMBLY
518,Epic,Y6S4,Uniform,PHYSICAL DRILL
519,Epic,Y5S1,Uniform,PLAID STYLE
520,Epic,Y8S4,Uniform,PRESERVED SYCOPHANT
521,Epic,Y5S2,Uniform,PRIMARY UNIT
522,Epic,Y4S3,Uniform,PRODIGY
523,Epic,Y6S3,Uniform,R&D DIRECTOR
524,Epic,Y7S4,Uniform,REDHAMMER STANDARD
525,Epic,Y7S4,Uniform,REDHAMMER STANDARD
526,Epic,Y7S4,Uniform,REDHAMMER STANDARD
527,Epic,Y7S4,Uniform,REDHAMMER STANDARD
528,Epic,Y7S4,Uniform,REDHAMMER STANDARD
529,Epic,Y8S2,Uniform,REGAL PERFORMER
530,Epic,Y4S1,Uniform,REGAL VIOLET
531,Epic,Y9S3,Uniform,RELEASED BEAST
532,Epic,Y6S2,Uniform,RESCUE MOUNTAINEERING
533,Epic,Y6S1,Uniform,RETICULATED SQUAMATE
534,Epic,Y4S2,Uniform,RUGGED RANGER
535,Epic,Y7S1,Uniform,SAKURA PETAL
536,Epic,Y4S2,Uniform,SALOON VEST
537,Epic,Y4S3,Uniform,SCARECROW
538,Epic,Y5S1,Uniform,SCARLET PUNCH
539,Epic,Y7S2,Uniform,SCRAPTOWN BOUNCER
540,Epic,Y7S2,Uniform,SCRAPTOWN RACER
541,Epic,Y7S2,Uniform,SCRAPTOWN SCROUNGER
542,Epic,Y3S2,Uniform,SCUBA SIX
543,Epic,Y8S2,Uniform,SCUTTLING PERIL
544,Epic,Y6S2,Uniform,SERUM TECHNICIAN
545,Epic,Y7S1,Uniform,SKELETAL SHROUD
546,Epic,Y4S3,Uniform,SKIN SUIT
547,Epic,Y6S4,Uniform,SNOW SPRITE
548,Epic,Y2S3,Uniform,SPECTER
549,Epic,Y7S1,Uniform,STORM FRONT
550,Epic,Y7S4,Uniform,SUGARPLUM WORKER
551,Epic,Y5S4,Uniform,TENDERFOOT SUNRISE
552,Epic,Y4S1,Uniform,THAT PINK CAMO
553,Epic,Y6S2,Uniform,THERMOPLASTICS
554,Epic,Y5S3,Uniform,TIRELESS PUPPET
555,Epic,Y7S4,Uniform,TOY ARTIST
556,Epic,Y5S4,Uniform,TOY CRAFTER
557,Epic,Y6S1,Uniform,TRESPASSING ORDER
558,Epic,Y5S3,Uniform,TRICKSTER PUPPET
559,Epic,Y5S3,Uniform,UNASSUMING PUPPET
560,Epic,Y7S3,Uniform,UNDERSEA SUNBURST
561,Epic,Y6S3,Uniform,UNLUCKY SETTLER
562,Epic,Y5S3,Uniform,UNTAMED PUPPET
563,Epic,Y5S3,Uniform,UNWAVERING PUPPET
564,Epic,Y5S4,Uniform,UPRIGHT CAPTAIN
565,Epic,Y7S3,Uniform,VINDICTIVE SPIRIT
566,Epic,Y9S1,Uniform,WARPED IMITATION
567,Epic,Y7S3,Uniform,WEARABLE CANVAS
568,Epic,Y9S2,Uniform,WEARABLE GRAPH
569,Epic,Y9S3,Uniform,WESTERN GOTHIC
570,Epic,Y7S1,Uniform,WESTERN STEWARD
571,Epic,Y4S3,Uniform,WIGHT
572,Epic,Y6S4,Uniform,WINTER FAUN
573,Epic,Y5S3,Uniform,WISTFUL PUPPET
574,Epic,Y9S3,Uniform,WITCH HUNTER
575,Epic,Y7S2,Uniform,WOLFGUARD STANDARD
576,Epic,Y6S3,Uniform,WRATHFUL APPARITION
577,Epic,Y4S3,Charm,ABNORMALITY
578,Epic,Y6S2,Charm,ANTIPARASITIC SERUM
579,Epic,Y6S1,Charm,BARBED GAS MASK
580,Epic,Y5S3,Charm,BURNT MANIKIN
581,Epic,Y7S4,Charm,CHEERY CHAIRLIFT
582,Epic,Y5S1,Charm,CRAFTED SIX
583,Epic,Y8S3,Charm,DOKKARAMYUN
584,Epic,Y8S2,Charm,FELINE PROTECTOR
585,Epic,Y5S2,Charm,FLASH DRIVE
586,Epic,Y4S2,Charm,FLIPPED COIN
587,Epic,Y4S3,Charm,GALVANISED
588,Epic,Y4S3,Charm,GLOWER
589,Epic,Y6S4,Charm,HAIL QUEEN
590,Epic,Y8S4,Charm,ICE-TOOTHED
591,Epic,Y2S3,Charm,KURU
592,Epic,Y7S4,Charm,MYTHIC COSMOVISION
593,Epic,Y4S3,Charm,OMEGA CROW
594,Epic,Y3S1,Charm,PARASITE SIX
595,Epic,Y4S3,Charm,PATIENT ZERO
596,Epic,Y2S3,Charm,PEEK-A-BOO
597,Epic,Y2S3,Charm,REAPER
598,Epic,Y5S4,Charm,RED CAPTAIN ASH
599,Epic,Y5S1,Charm,SECURED CURRENCY
600,Epic,Y2S3,Charm,SKULLY
601,Epic,Y7S3,Charm,SNAKE BITE
602,Epic,Y7S3,Charm,SPECTRAL SQUASH
603,Epic,Y5S1,Charm,SURPRISE PERFORMANCE
604,Epic,Y9S2,Charm,SYNAPTIC
605,Epic,Y7S2,Charm,TOURNIQUET
606,Epic,Y6S3,Charm,TREPHINE
607,Epic,Y9S1,Charm,VINYL CLASSIC
608,Epic,Y8S4,Drone Skin,FOLLOWING SEAS
609,Epic,Y8S3,Drone Skin,FOOD CATASTROPHE
610,Epic,Y9S2,Drone Skin,OBJECTS IN MOTION
611,Epic,Y9S1,Drone Skin,REACT UV 1
612,Epic,Y8S4,Drone Skin,RUNIC SORCERY
613,Epic,Y9S1,Drone Skin,STEREO ON THE GO
614,Epic,Y8S3,Drone Skin,TERROR ON WHEELS
615,Epic,Y8S2,Drone Skin,VICIOUS LITTLE NIGHTMARE
616,Epic,Y4S1,Gadget Skin,BEAUTY TAG
617,Epic,Y8S2,Operator Portrait,ABERRANT MENACE
618,Epic,Y7S2,Operator Portrait,ALLOY ASPECT
619,Epic,Y8S4,Operator Portrait,AVALANCHE WIGHT
620,Epic,Y8S1,Operator Portrait,BEAK-A-BOO
621,Epic,Y6S4,Operator Portrait,BENEVOLENT MAN
622,Epic,Y7S2,Operator Portrait,BOLTED FRAME
623,Epic,Y8S1,Operator Portrait,BUN VOYAGE
624,Epic,Y7S3,Operator Portrait,CARAPACE CASING
625,Epic,Y7S2,Operator Portrait,CARBON COPY
626,Epic,Y7S3,Operator Portrait,CHARGED CONVICT
627,Epic,Y7S3,Operator Portrait,CHIMERA SUPPRESSOR
628,Epic,Y8S4,Operator Portrait,CHRISTMASTIDE STAFF
629,Epic,Y7S2,Operator Portrait,CHROME PERSON
630,Epic,Y6S4,Operator Portrait,CLEAR IMPRINT
631,Epic,Y8S4,Operator Portrait,COLD EMBRACE
632,Epic,Y7S3,Operator Portrait,DARK LACE
633,Epic,Y7S3,Operator Portrait,DARKNESS DENIZEN
634,Epic,Y7S2,Operator Portrait,DAYRISE AGENT
635,Epic,Y7S2,Operator Portrait,DAYRISE CITIZEN
636,Epic,Y7S2,Operator Portrait,DAYRISE FIXER
637,Epic,Y7S2,Operator Portrait,DAYRISE NOBLE
638,Epic,Y7S2,Operator Portrait,DAYRISE PHALANX
639,Epic,Y7S2,Operator Portrait,DAYRISE WORKER
640,Epic,Y7S3,Operator Portrait,DEAD OF NIGHT
641,Epic,Y7S3,Operator Portrait,DEADLY ELEGANCE
642,Epic,Y7S3,Operator Portrait,DISPATCHED
643,Epic,Y7S1,Operator Portrait,DRAGONFLY SCOUT
644,Epic,Y7S1,Operator Portrait,DREADFUL BABOON
645,Epic,Y7S3,Operator Portrait,DREADFUL FIGMENT
646,Epic,Y8S1,Operator Portrait,DUKE OF BUTTERFLIES
647,Epic,Y8S1,Operator Portrait,ELECTRIC LEOPARD
648,Epic,Y9S2,Operator Portrait,ELEMENTAL GEAR
649,Epic,Y9S1,Operator Portrait,FALSE PRETENSE
650,Epic,Y8S1,Operator Portrait,FAWN-TASTIC
651,Epic,Y6S4,Operator Portrait,FELINE ENFORCER
652,Epic,Y8S4,Operator Portrait,FESTIVE STRIPES
653,Epic,Y7S3,Operator Portrait,FIERY CRUSADE
654,Epic,Y6S4,Operator Portrait,FIGURE SOLDIER
655,Epic,Y7S1,Operator Portrait,FIREBIRD WRAPS
656,Epic,Y7S4,Operator Portrait,FOLKLORIC SAMARITAN
657,Epic,Y7S3,Operator Portrait,FRONTLINER
658,Epic,Y7S1,Operator Portrait,GALE RIDER
659,Epic,Y9S1,Operator Portrait,GENETIC SAFEGUARD
660,Epic,Y7S3,Operator Portrait,GHASTLY VARMINT
661,Epic,Y7S4,Operator Portrait,GHOSTEYES STANDARD
662,Epic,Y9S1,Operator Portrait,GLASS AND DUST
663,Epic,Y7S2,Operator Portrait,GOLD LEAF
664,Epic,Y7S3,Operator Portrait,GROTESQUE BRUTE
665,Epic,Y7S3,Operator Portrait,GUT-CHURNER
666,Epic,Y7S1,Operator Portrait,HARVEST BLESSING
667,Epic,Y9S1,Operator Portrait,HAZARD PROTECTION
668,Epic,Y8S4,Operator Portrait,HUNTING ACCOUTREMENTS
669,Epic,Y7S3,Operator Portrait,ILL-FATED EXPLORER
670,Epic,Y6S4,Operator Portrait,IN THE WRONG
671,Epic,Y7S2,Operator Portrait,INSULATED BODY
672,Epic,Y7S3,Operator Portrait,LAGOON BEAST
673,Epic,Y6S4,Operator Portrait,LITTLE HELPER
674,Epic,Y8S2,Operator Portrait,MALEDICTION VECTOR
675,Epic,Y7S2,Operator Portrait,MANUFACTURE SUIT
676,Epic,Y9S2,Operator Portrait,MANUFACTURED LIFE
677,Epic,Y7S3,Operator Portrait,MISCREATION
678,Epic,Y7S3,Operator Portrait,MONSTROSITY
679,Epic,Y9S3,Operator Portrait,MORTAL GORGON
680,Epic,Y7S3,Operator Portrait,NAUTICAL REVOLT
681,Epic,Y7S1,Operator Portrait,NOBLE BEARING
682,Epic,Y8S3,Operator Portrait,OLD WORLD TARANTULA
683,Epic,Y7S2,Operator Portrait,OTORONGO
684,Epic,Y7S2,Operator Portrait,PADDED CHASSIS
685,Epic,Y9S2,Operator Portrait,PATCHED ASSEMBLY
686,Epic,Y6S4,Operator Portrait,PHYSICAL DRILL
687,Epic,Y7S3,Operator Portrait,PLANT OF PREY
688,Epic,Y8S4,Operator Portrait,PRESERVED SYCOPHANT
689,Epic,Y7S2,Operator Portrait,PRIMARY UNIT
690,Epic,Y7S3,Operator Portrait,PRODIGY
691,Epic,Y7S4,Operator Portrait,REDHAMMER STANDARD
692,Epic,Y7S4,Operator Portrait,REDHAMMER STANDARD
693,Epic,Y7S4,Operator Portrait,REDHAMMER STANDARD
694,Epic,Y7S4,Operator Portrait,REDHAMMER STANDARD
695,Epic,Y8S2,Operator Portrait,REGAL PERFORMER
696,Epic,Y8S1,Operator Portrait,REGAL VIOLET
697,Epic,Y9S3,Operator Portrait,RELEASED BEAST
698,Epic,Y6S4,Operator Portrait,RETRO SKI
699,Epic,Y7S3,Operator Portrait,ROTTEN
700,Epic,Y8S4,Operator Portrait,S.I. 2024 MANEUVER
701,Epic,Y7S1,Operator Portrait,SAKURA PETAL
702,Epic,Y7S1,Operator Portrait,SCORCHING ZEAL
703,Epic,Y7S2,Operator Portrait,SCRAPTOWN BOUNCER
704,Epic,Y7S2,Operator Portrait,SCRAPTOWN RACER
705,Epic,Y7S2,Operator Portrait,SCRAPTOWN SCROUNGER
706,Epic,Y8S2,Operator Portrait,SCUTTLING PERIL
707,Epic,Y7S3,Operator Portrait,SERUM TECHNICIAN
708,Epic,Y7S3,Operator Portrait,SEWER GRIME
709,Epic,Y7S1,Operator Portrait,SKELETAL SHROUD
710,Epic,Y7S3,Operator Portrait,SKIN SUIT
711,Epic,Y6S4,Operator Portrait,SNOW SPRITE
712,Epic,Y7S1,Operator Portrait,STORM FRONT
713,Epic,Y7S4,Operator Portrait,SUGARPLUM WORKER
714,Epic,Y9S2,Operator Portrait,TECHNOLOGICAL MATRIX
715,Epic,Y8S1,Operator Portrait,THAT PINK CAMO
716,Epic,Y7S3,Operator Portrait,THERMOPLASTICS
717,Epic,Y7S4,Operator Portrait,TOY ARTIST
718,Epic,Y6S4,Operator Portrait,TOY CRAFTER
719,Epic,Y8S1,Operator Portrait,UNBEARABLY PINK
720,Epic,Y7S3,Operator Portrait,UNLUCKY SETTLER
721,Epic,Y7S1,Operator Portrait,VICIOUS ASP
722,Epic,Y7S3,Operator Portrait,VINDICTIVE SPIRIT
723,Epic,Y9S1,Operator Portrait,WARPED IMITATION
724,Epic,Y7S3,Operator Portrait,WEARABLE CANVAS
725,Epic,Y9S2,Operator Portrait,WEARABLE GRAPH
726,Epic,Y9S3,Operator Portrait,WESTERN GOTHIC
727,Epic,Y6S4,Operator Portrait,WINTER FAUN
728,Epic,Y9S3,Operator Portrait,WITCH HUNTER
729,Epic,Y7S2,Operator Portrait,WOLFGUARD STANDARD
730,Epic,Y7S3,Operator Portrait,WRATHFUL APPARITION
731,Epic,Y7S2,Attachment Skin,AZURE WARD
732,Epic,Y8S4,Attachment Skin,BONE CHILLS
733,Epic,Y5S3,Attachment Skin,CHROMA STREAKS
734,Epic,Y7S4,Attachment Skin,COLORFUL DANCE
735,Epic,Y6S1,Attachment Skin,DYSTOPIAN SURVIVAL
736,Epic,Y7S2,Attachment Skin,ELEGANT FUSION
737,Epic,Y8S2,Attachment Skin,FABLE SHAPINGS
738,Epic,Y8S2,Attachment Skin,GUIDING DEFENDER
739,Epic,Y6S4,Attachment Skin,HIBERNAL SOLSTICE
740,Epic,Y8S3,Attachment Skin,HOT AND SPICY
741,Epic,Y7S4,Attachment Skin,LA LEYENDA
742,Epic,Y7S1,Attachment Skin,LIFEBLOOD FLOWER
743,Epic,Y8S1,Attachment Skin,MAGICAL SHENANIGANS
744,Epic,Y6S3,Attachment Skin,MOVEABLE APOTHECARY
745,Epic,Y9S2,Attachment Skin,OBJECTS IN MOTION
746,Epic,Y8S4,Attachment Skin,POINT OF SAIL
747,Epic,Y7S3,Attachment Skin,POISONOUS MEMBRANE
748,Epic,Y7S3,Attachment Skin,POSSESSED POSSESSION
749,Epic,Y6S2,Attachment Skin,SEARCH AND RESCUE
750,Epic,Y6S2,Attachment Skin,SENTIENT GROWTH
751,Epic,Y7S1,Attachment Skin,SENTINEL SPIRIT
752,Epic,Y9S1,Attachment Skin,STERILIZATION METHOD
753,Epic,Y6S3,Attachment Skin,SUSPICIOUS MATERIAL
754,Epic,Y6S3,Attachment Skin,TRIGGER HAIR
755,Epic,Y7S4,Attachment Skin,TRIPLE NEON DIAMOND
756,Epic,Y8S1,Attachment Skin,WINGS OF PARADISE
757,Epic,Y9S1,Attachment Skin,WORN DOWN FRIEND
758,Epic,Y1S4,Weapon Skin,AKI NO TSURU
759,Epic,Y2S3,Weapon Skin,ALEMBIC
760,Epic,Y8S4,Weapon Skin,ANCIENT PALL
761,Epic,Y6S2,Weapon Skin,ANGUISH
762,Epic,Y8S4,Weapon Skin,ANIMATING SPELL
763,Epic,Y8S2,Weapon Skin,ATMOSPHERIC DANCE
764,Epic,Y4S3,Weapon Skin,ATOMIC DIVISION
765,Epic,Y4S3,Weapon Skin,ATOMIC DIVISION
766,Epic,Y4S3,Weapon Skin,ATOMIC DIVISION
767,Epic,Y4S3,Weapon Skin,ATOMIC DIVISION
768,Epic,Y6S2,Weapon Skin,AUTUMN LONGBOW
769,Epic,Y7S2,Weapon Skin,AZURE WARD
770,Epic,Y7S3,Weapon Skin,BARNACLE GIFT
771,Epic,Y4S2,Weapon Skin,BARTER INTEREST
772,Epic,Y5S3,Weapon Skin,BATTLE FABRIC
773,Epic,Y5S2,Weapon Skin,BEACH TRIP
774,Epic,Y8S1,Weapon Skin,BEADS AND FEATHERS
775,Epic,Y6S1,Weapon Skin,BEDAZZLED
776,Epic,Y4S1,Weapon Skin,BEDAZZLED
777,Epic,Y7S2,Weapon Skin,BERYL MATRIX
778,Epic,Y6S4,Weapon Skin,BETTER NOT CRY
779,Epic,Y6S4,Weapon Skin,BLACK ICE
780,Epic,Y6S4,Weapon Skin,BLACK ICE
781,Epic,Y1S1,Weapon Skin,BLACK ICE
782,Epic,Y6S4,Weapon Skin,BLACK ICE
783,Epic,Y6S4,Weapon Skin,BLACK ICE
784,Epic,Y1S1,Weapon Skin,BLACK ICE
785,Epic,Y6S4,Weapon Skin,BLACK ICE
786,Epic,Y6S4,Weapon Skin,BLACK ICE
787,Epic,Y6S4,Weapon Skin,BLACK ICE
788,Epic,Y1S1,Weapon Skin,BLACK ICE
789,Epic,Y6S4,Weapon Skin,BLACK ICE
790,Epic,Y6S4,Weapon Skin,BLACK ICE
791,Epic,Y1S1,Weapon Skin,BLACK ICE
792,Epic,Y1S1,Weapon Skin,BLACK ICE
793,Epic,Y1S1,Weapon Skin,BLACK ICE
794,Epic,Y6S4,Weapon Skin,BLACK ICE
795,Epic,Y1S1,Weapon Skin,BLACK ICE
796,Epic,Y1S1,Weapon Skin,BLACK ICE
797,Epic,Y1S1,Weapon Skin,BLACK ICE
798,Epic,Y6S4,Weapon Skin,BLACK ICE
799,Epic,Y1S1,Weapon Skin,BLACK ICE
800,Epic,Y1S1,Weapon Skin,BLACK ICE
801,Epic,Y6S4,Weapon Skin,BLACK ICE
802,Epic,Y6S4,Weapon Skin,BLACK ICE
803,Epic,Y6S4,Weapon Skin,BLACK ICE
804,Epic,Y1S1,Weapon Skin,BLACK ICE
805,Epic,Y6S4,Weapon Skin,BLACK ICE
806,Epic,Y6S4,Weapon Skin,BLACK ICE
807,Epic,Y6S4,Weapon Skin,BLACK ICE
808,Epic,Y6S4,Weapon Skin,BLACK ICE
809,Epic,Y6S4,Weapon Skin,BLACK ICE
810,Epic,Y6S4,Weapon Skin,BLACK ICE
811,Epic,Y1S1,Weapon Skin,BLACK ICE
812,Epic,Y6S4,Weapon Skin,BLACK ICE
813,Epic,Y6S4,Weapon Skin,BLACK ICE
814,Epic,Y1S1,Weapon Skin,BLACK ICE
815,Epic,Y6S4,Weapon Skin,BLACK ICE
816,Epic,Y6S4,Weapon Skin,BLACK ICE
817,Epic,Y6S4,Weapon Skin,BLACK ICE
818,Epic,Y6S4,Weapon Skin,BLACK ICE
819,Epic,Y6S4,Weapon Skin,BLACK ICE
820,Epic,Y6S4,Weapon Skin,BLACK ICE
821,Epic,Y6S4,Weapon Skin,BLACK ICE
822,Epic,Y6S4,Weapon Skin,BLACK ICE
823,Epic,Y1S1,Weapon Skin,BLACK ICE
824,Epic,Y1S1,Weapon Skin,BLACK ICE
825,Epic,Y6S4,Weapon Skin,BLACK ICE
826,Epic,Y8S2,Weapon Skin,BLOOD MEAL
827,Epic,Y8S4,Weapon Skin,BONE CHILLS
828,Epic,Y5S1,Weapon Skin,BRANCHING SECTION
829,Epic,Y6S2,Weapon Skin,BREAKDOWN
830,Epic,Y6S3,Weapon Skin,BROAD BLADE
831,Epic,Y7S3,Weapon Skin,BROKENHEARTED
832,Epic,Y9S3,Weapon Skin,CANNON OF DEATH
833,Epic,Y7S2,Weapon Skin,CARTILAGE SYMBIOSIS
834,Epic,Y3S2,Weapon Skin,CELERITY
835,Epic,Y3S2,Weapon Skin,CELERITY
836,Epic,Y3S2,Weapon Skin,CELERITY
837,Epic,Y3S2,Weapon Skin,CELERITY
838,Epic,Y8S4,Weapon Skin,CENTURY-OLD DELUSION
839,Epic,Y6S1,Weapon Skin,CHISELED COUNT
840,Epic,Y5S3,Weapon Skin,CHROMA STREAKS
841,Epic,Y2S1,Weapon Skin,CHUPINAZO
842,Epic,Y3S1,Weapon Skin,CIRCUMSTELLAR
843,Epic,Y3S1,Weapon Skin,CIRCUMSTELLAR
844,Epic,Y3S1,Weapon Skin,CIRCUMSTELLAR
845,Epic,Y6S1,Weapon Skin,CIVILIZATION SCRAPS
846,Epic,Y5S1,Weapon Skin,CLOG DANCE
847,Epic,Y4S3,Weapon Skin,CLOT BURST
848,Epic,Y8S4,Weapon Skin,COMPASS STAR
849,Epic,Y4S4,Weapon Skin,COMPETITOR CAVEIRA '20
850,Epic,Y4S4,Weapon Skin,COMPETITOR MOZZIE '20
851,Epic,Y6S2,Weapon Skin,COMPROMISED EQUIPMENT
852,Epic,Y4S2,Weapon Skin,CONSTELLATION
853,Epic,Y4S2,Weapon Skin,CONSTELLATION
854,Epic,Y4S2,Weapon Skin,CONSTELLATION
855,Epic,Y4S2,Weapon Skin,COPPER BARREL
856,Epic,Y6S2,Weapon Skin,CORRUPTED
857,Epic,Y2S3,Weapon Skin,COSMOS
858,Epic,Y2S3,Weapon Skin,COSMOS
859,Epic,Y2S3,Weapon Skin,COSMOS
860,Epic,Y2S3,Weapon Skin,COSMOS
861,Epic,Y4S2,Weapon Skin,COWHERD
862,Epic,Y9S3,Weapon Skin,CURSE OF CHANGE
863,Epic,Y8S4,Weapon Skin,CURSED WINTER
864,Epic,Y9S3,Weapon Skin,DARK FAMILIARS
865,Epic,Y9S1,Weapon Skin,DEAD CENTER
866,Epic,Y6S2,Weapon Skin,DECAYING
867,Epic,Y5S1,Weapon Skin,DECO ARTISTRY
868,Epic,Y9S2,Weapon Skin,DEFECT INDUCER
869,Epic,Y2S3,Weapon Skin,DEMISE
870,Epic,Y9S2,Weapon Skin,DENIAL-OF-SERVICE
871,Epic,Y9S2,Weapon Skin,DEVASTATING MIGHT
872,Epic,Y5S1,Weapon Skin,DEXTERITY DELUXE
873,Epic,Y5S2,Weapon Skin,DIODE CONNECTOR
874,Epic,Y5S4,Weapon Skin,DIVERGENT BRONZE
875,Epic,Y8S4,Weapon Skin,DOOM OF SUMMER
876,Epic,Y2S3,Weapon Skin,DYNASTY
877,Epic,Y6S1,Weapon Skin,DYSTOPIAN SURVIVAL
878,Epic,Y8S3,Weapon Skin,EARTHEN SCALES
879,Epic,Y3S3,Weapon Skin,ECTOPLASM
880,Epic,Y2S1,Weapon Skin,EL DORADO
881,Epic,Y7S3,Weapon Skin,ELEGANS AURANTIACUS
882,Epic,Y7S2,Weapon Skin,ELEGANT FUSION
883,Epic,Y9S1,Weapon Skin,ELIMINATION PROCEDURE
884,Epic,Y6S2,Weapon Skin,EMERGENCY CHOPPER
885,Epic,Y9S1,Weapon Skin,ENERGIZED PREVENTION
886,Epic,Y8S1,Weapon Skin,EQUATORIAL ZEST
887,Epic,Y2S3,Weapon Skin,EXOSKELETON
888,Epic,Y8S3,Weapon Skin,EXPLOSIVE SURPRISE
889,Epic,Y5S3,Weapon Skin,EXTRAVAGANCE
890,Epic,Y6S1,Weapon Skin,EYE-CATCHER
891,Epic,Y2S4,Weapon Skin,FERAL
892,Epic,Y8S3,Weapon Skin,FERAL MIMIC
893,Epic,Y7S1,Weapon Skin,FIRE-TOUCHED
894,Epic,Y6S2,Weapon Skin,FIRST RESPONDER
895,Epic,Y7S1,Weapon Skin,FLAMBOYANT SHOT
896,Epic,Y8S3,Weapon Skin,FLESH-SEEKER
897,Epic,Y5S1,Weapon Skin,FLORID ENGRAVEMENT
898,Epic,Y5S1,Weapon Skin,FORTIFIED FLAIR
899,Epic,Y7S1,Weapon Skin,FOUL MIASMA
900,Epic,Y8S1,Weapon Skin,FOWL PLAY
901,Epic,Y7S1,Weapon Skin,FOX FAVOR
902,Epic,Y8S1,Weapon Skin,FRIEND OR DOE
903,Epic,Y3S3,Weapon Skin,GAMMA-RAY
904,Epic,Y3S3,Weapon Skin,GAMMA-RAY
905,Epic,Y3S3,Weapon Skin,GAMMA-RAY
906,Epic,Y9S3,Weapon Skin,GATHERING STORM
907,Epic,Y3S4,Weapon Skin,GINGERBREAD
908,Epic,Y4S4,Weapon Skin,GLEAMSHOT
909,Epic,Y4S4,Weapon Skin,GLEAMSHOT
910,Epic,Y4S4,Weapon Skin,GLEAMSHOT
911,Epic,Y4S4,Weapon Skin,GLEAMSHOT
912,Epic,Y8S2,Weapon Skin,GLEIPNIR
913,Epic,Y6S1,Weapon Skin,GLITTER RAINBOW
914,Epic,Y4S1,Weapon Skin,GLITTER RAINBOW
915,Epic,Y9S2,Weapon Skin,GOLD STRIKE
916,Epic,Y8S3,Weapon Skin,GOSSAMER DEMISE
917,Epic,Y2S3,Weapon Skin,GROTESQUE
918,Epic,Y8S2,Weapon Skin,GUIDING DEFENDER
919,Epic,Y4S3,Weapon Skin,GUTTER GUTTER
920,Epic,Y4S1,Weapon Skin,HALCYON FLUX
921,Epic,Y4S1,Weapon Skin,HALCYON FLUX
922,Epic,Y4S1,Weapon Skin,HALCYON FLUX
923,Epic,Y5S2,Weapon Skin,HAMMERED ROD
924,Epic,Y8S1,Weapon Skin,HARE FORCE
925,Epic,Y8S1,Weapon Skin,HARE FORCE
926,Epic,Y7S3,Weapon Skin,HELLISH TAPESTRY
927,Epic,Y6S4,Weapon Skin,HIBERNAL SOLSTICE
928,Epic,Y5S4,Weapon Skin,HIGH CIRCUITRY
929,Epic,Y5S4,Weapon Skin,HIGH CIRCUITRY
930,Epic,Y5S4,Weapon Skin,HIGH CIRCUITRY
931,Epic,Y2S4,Weapon Skin,HUSARIA
932,Epic,Y7S1,Weapon Skin,IGNITING EMBER
933,Epic,Y8S2,Weapon Skin,INCANDESCENT RAGE
934,Epic,Y9S3,Weapon Skin,INEVITABLE END
935,Epic,Y8S3,Weapon Skin,INFESTATION AGENT
936,Epic,Y7S2,Weapon Skin,INTRICATE SILENCER
937,Epic,Y5S1,Weapon Skin,IRON SHIP
938,Epic,Y5S1,Weapon Skin,LAVISH PRINT
939,Epic,Y7S1,Weapon Skin,LIFEBLOOD FLOWER
940,Epic,Y7S2,Weapon Skin,LLIQLLA STRIPS
941,Epic,Y8S2,Weapon Skin,LONGHOUSE WELCOME
942,Epic,Y5S1,Weapon Skin,LUSTER BEAM
943,Epic,Y5S1,Weapon Skin,LUSTER BEAM
944,Epic,Y5S1,Weapon Skin,LUSTER BEAM
945,Epic,Y5S1,Weapon Skin,LUSTER BEAM
946,Epic,Y8S1,Weapon Skin,MAGICAL SHENANIGANS
947,Epic,Y5S2,Weapon Skin,METALLURGY LUSTER
948,Epic,Y6S3,Weapon Skin,MIMICRY
949,Epic,Y5S1,Weapon Skin,MINERAL WELKIN
950,Epic,Y6S4,Weapon Skin,MISCHIEF MAKER
951,Epic,Y5S1,Weapon Skin,MISSION BLACKSMITH
952,Epic,Y5S3,Weapon Skin,MISSION BLACKSMITH
953,Epic,Y5S1,Weapon Skin,MISSION BLACKSMITH
954,Epic,Y5S1,Weapon Skin,MISSION BLACKSMITH
955,Epic,Y5S2,Weapon Skin,MONTAINOUS MIMICRY
956,Epic,Y6S4,Weapon Skin,MOSS-GROWN RUIN
957,Epic,Y8S1,Weapon Skin,MOTHER QUACKER
958,Epic,Y7S1,Weapon Skin,MOUNTAINTOP HUNTER
959,Epic,Y8S3,Weapon Skin,MURDER OF CROWS
960,Epic,Y6S4,Weapon Skin,NATURAL SHROUD
961,Epic,Y4S4,Weapon Skin,NIGHTHAVEN MK0
962,Epic,Y4S4,Weapon Skin,NIGHTHAVEN MK0
963,Epic,Y4S4,Weapon Skin,NIGHTHAVEN MK0
964,Epic,Y4S4,Weapon Skin,NIGHTHAVEN MK0
965,Epic,Y4S4,Weapon Skin,NIGHTHAVEN MK0
966,Epic,Y4S4,Weapon Skin,NIGHTHAVEN MK0
967,Epic,Y4S3,Weapon Skin,NITROGEN BLAST
968,Epic,Y6S2,Weapon Skin,NORTH AMERICAN JET
969,Epic,Y9S1,Weapon Skin,NOXIOUS CLEANSER
970,Epic,Y9S2,Weapon Skin,OBJECTS IN MOTION
971,Epic,Y8S2,Weapon Skin,OLYMPUS SHORE
972,Epic,Y8S3,Weapon Skin,ON WINGS OF PEARL
973,Epic,Y9S1,Weapon Skin,OOZING RETALIATION
974,Epic,Y6S3,Weapon Skin,OSSIFICATION
975,Epic,Y3S1,Weapon Skin,OUTBREAK CODE RED
976,Epic,Y5S2,Weapon Skin,PADDED HIDE
977,Epic,Y5S2,Weapon Skin,PARTICLE ROBOTICS
978,Epic,Y5S3,Weapon Skin,PENUMBRA CELLS
979,Epic,Y6S3,Weapon Skin,PERPETUAL SORROW
980,Epic,Y2S4,Weapon Skin,PHOENIX
981,Epic,Y1S3,Weapon Skin,PIRANHA
982,Epic,Y7S3,Weapon Skin,POSSESSED POSSESSION
983,Epic,Y9S2,Weapon Skin,PRIMARY ERADICATION
984,Epic,Y6S3,Weapon Skin,PRISMATIC GLISTEN
985,Epic,Y2S4,Weapon Skin,PROTON
986,Epic,Y6S3,Weapon Skin,PURE HEMOGLOBIN
987,Epic,Y6S1,Weapon Skin,PURPLE FLUFF
988,Epic,Y4S1,Weapon Skin,PURPLE FLUFF
989,Epic,Y6S2,Weapon Skin,PUTRESCENCE
990,Epic,Y6S3,Weapon Skin,QCR-SUPPLIED BOLT
991,Epic,Y6S3,Weapon Skin,QCR-SUPPLIED NAVAL
992,Epic,Y6S3,Weapon Skin,QCR-SUPPLIED PIONEER
993,Epic,Y6S3,Weapon Skin,QCR-SUPPLIED SPADES
994,Epic,Y7S3,Weapon Skin,QCR-SUPPLIED WRECKER
995,Epic,Y7S2,Weapon Skin,RADIANT DIGNITY
996,Epic,Y8S2,Weapon Skin,RASH DECISION
997,Epic,Y4S3,Weapon Skin,RAW FLESH
998,Epic,Y5S4,Weapon Skin,RED CAPTAIN ASH
999,Epic,Y2S3,Weapon Skin,RED SILK
1000,Epic,Y7S4,Weapon Skin,REDHAMMER TECH
1001,Epic,Y7S4,Weapon Skin,REDHAMMER TECH
1002,Epic,Y7S4,Weapon Skin,REDHAMMER TECH
1003,Epic,Y7S4,Weapon Skin,REDHAMMER TECH
1004,Epic,Y6S4,Weapon Skin,REINDEER GAMES
1005,Epic,Y6S1,Weapon Skin,RESISTANCE
1006,Epic,Y5S2,Weapon Skin,REVOLVING VORTEX
1007,Epic,Y5S2,Weapon Skin,REVOLVING VORTEX
1008,Epic,Y5S2,Weapon Skin,REVOLVING VORTEX
1009,Epic,Y5S2,Weapon Skin,REVOLVING VORTEX
1010,Epic,Y4S2,Weapon Skin,RIP AND PATCH
1011,Epic,Y7S2,Weapon Skin,ROAD RAGE
1012,Epic,Y6S4,Weapon Skin,ROYAL JAW
1013,Epic,Y6S4,Weapon Skin,RUNNER TRACK
1014,Epic,Y6S2,Weapon Skin,SEARCH AND RESCUE
1015,Epic,Y4S3,Weapon Skin,SEARUST
1016,Epic,Y6S2,Weapon Skin,SENTIENT GROWTH
1017,Epic,Y7S1,Weapon Skin,SENTINEL SPIRIT
1018,Epic,Y3S1,Weapon Skin,SEPTICEMIA
1019,Epic,Y3S1,Weapon Skin,SEPTICEMIA
1020,Epic,Y3S1,Weapon Skin,SEPTICEMIA
1021,Epic,Y3S1,Weapon Skin,SEPTICEMIA
1022,Epic,Y3S4,Weapon Skin,SHOOTING STAR
1023,Epic,Y3S4,Weapon Skin,SHOOTING STAR
1024,Epic,Y3S4,Weapon Skin,SHOOTING STAR
1025,Epic,Y3S4,Weapon Skin,SHOOTING STAR
1026,Epic,Y6S1,Weapon Skin,SIGNPOST
1027,Epic,Y5S1,Weapon Skin,SILVER SPIRAL
1028,Epic,Y5S4,Weapon Skin,SILVER TANGERINE
1029,Epic,Y1S3,Weapon Skin,SKULL RAIN
1030,Epic,Y7S1,Weapon Skin,SLEEK LETHALITY
1031,Epic,Y4S2,Weapon Skin,SLEEK PATTERN
1032,Epic,Y2S4,Weapon Skin,SLEIGH RIDE
1033,Epic,Y5S3,Weapon Skin,SMOKY MURK
1034,Epic,Y6S1,Weapon Skin,SNAKESKIN
1035,Epic,Y7S1,Weapon Skin,STALWART PATRON
1036,Epic,Y7S4,Weapon Skin,STAR-SHAPED DROP
1037,Epic,Y5S1,Weapon Skin,STEEL BARBS
1038,Epic,Y9S1,Weapon Skin,STERILIZATION METHOD
1039,Epic,Y9S1,Weapon Skin,STIFLING AGGRESSION
1040,Epic,Y4S4,Weapon Skin,STOCKING SLEIGH
1041,Epic,Y5S3,Weapon Skin,SULFUR GLINT
1042,Epic,Y3S2,Weapon Skin,SUMMER BLOOM
1043,Epic,Y4S3,Weapon Skin,SURGICAL STITCH
1044,Epic,Y6S3,Weapon Skin,SUSPICIOUS MATERIAL
1045,Epic,Y7S1,Weapon Skin,SWARM SENTRY
1046,Epic,Y5S2,Weapon Skin,SWIFT AMMUNITION
1047,Epic,Y7S1,Weapon Skin,SWOOPING HAWK
1048,Epic,Y5S2,Weapon Skin,TEMPERED STEEL
1049,Epic,Y6S1,Weapon Skin,THERMAL ANTIPODES
1050,Epic,Y2S4,Weapon Skin,TIGER CLAW
1051,Epic,Y8S1,Weapon Skin,TO BEAR ARMS
1052,Epic,Y9S3,Weapon Skin,TRIGGER HAIR '24
1053,Epic,Y7S4,Weapon Skin,TRIPLE NEON DIAMOND
1054,Epic,Y2S3,Weapon Skin,UNHINGED
1055,Epic,Y6S4,Weapon Skin,URSUS ROAR
1056,Epic,Y9S3,Weapon Skin,VIPERISH POWER
1057,Epic,Y7S3,Weapon Skin,WALL-MARKER
1058,Epic,Y7S2,Weapon Skin,WAVE FOCUS
1059,Epic,Y7S4,Weapon Skin,WAVE SPLITTER
1060,Epic,Y5S2,Weapon Skin,WELDED NICKEL
1061,Epic,Y2S3,Weapon Skin,WHITE DRAGON
1062,Epic,Y8S2,Weapon Skin,WICKED RECKONING
1063,Epic,Y9S1,Weapon Skin,WILD SOARING
1064,Epic,Y6S1,Weapon Skin,WINGS OF PLUM
1065,Epic,Y9S3,Weapon Skin,WINGS OF SUN
1066,Epic,Y6S2,Weapon Skin,WISDOM AND HOSPITALITY
1067,Epic,Y3S4,Weapon Skin,YEAR OF THE PIG
1068,Rare,Y2S3,Charm,DEAD PINES STAFF
1069,Rare,Y3S1,Charm,PARASITE BREACH
1070,Rare,Y3S1,Charm,INFECTED LONGHORN
1071,Rare,Y3S1,Charm,SPOOPY
1072,Rare,Y3S1,Charm,R6 CBRN
1073,Rare,Y3S2,Charm,FLIP-FLOP
1074,Rare,Y3S2,Charm,DIVING FOR INTEL
1075,Rare,Y3S2,Charm,TIKI TEETH
1076,Rare,Y4S1,Charm,MAGIC PONY
1077,Rare,Y4S1,Charm,PINK CLEOPHILE
1078,Rare,Y4S1,Charm,CORONATION GOWN
1079,Rare,Y4S1,Charm,TA-CHAN-KA
1080,Rare,Y4S1,Charm,SPOTTED PAW
1081,Rare,Y4S3,Charm,HAYMAN
1082,Rare,Y4S3,Charm,MR. SMILEY
1083,Rare,Y4S3,Charm,MYLING
1084,Rare,Y4S3,Charm,THORNS OF FATE
1085,Rare,Y4S3,Charm,SEPTIC SNACK
1086,Rare,Y4S3,Charm,FLYING DEAD
1087,Rare,Y4S3,Charm,OPUS INJECTION
1088,Rare,Y4S3,Charm,MOLTEN MAN
1089,Rare,Y4S4,Charm,TEAM BRAZIL 2020
1090,Rare,Y4S4,Charm,TEAM JAPAN 2020
1091,Rare,Y4S4,Charm,TROPHY REINDEER
1092,Rare,Y5S1,Charm,BRAWLER'S PAIR
1093,Rare,Y5S2,Charm,RETRO TOY BOT
1094,Rare,Y5S3,Charm,WOOLEN PUPPET
1095,Rare,Y6S1,Charm,PATH TO NOWHERE
1096,Rare,Y7S1,Charm,WAR FAN
1097,Rare,Y7S2,Charm,ALTERED BEING
1098,Rare,Y9S1,Charm,METEORITE ZERO
1099,Rare,Y9S2,Charm,SPACE ROCKET
1100,Rare,Y9S3,Charm,MARBLE VESTIGE
1101,Rare,Y9S3,Charm,SUMMONING FOCUS
1102,Rare,Y8S4,Drone Skin,MARINE TELESCOPE
1103,Rare,Y9S2,Drone Skin,TOTAL CAPTURE
1104,Rare,Y9S3,Drone Skin,IMMORTAL WISDOM
1105,Rare,Y9S3,Drone Skin,LEG BITER
1106,Rare,Y3S1,Headgear,ISOLATION
1107,Rare,Y3S1,Headgear,ISOLATION
1108,Rare,Y3S1,Headgear,ISOLATION
1109,Rare,Y3S1,Headgear,ISOLATION
1110,Rare,Y3S1,Headgear,ISOLATION
1111,Rare,Y3S1,Headgear,ISOLATION
1112,Rare,Y3S1,Headgear,ISOLATION
1113,Rare,Y3S1,Headgear,ISOLATION
1114,Rare,Y4S2,Headgear,FRONTIER MAN
1115,Rare,Y4S4,Headgear,NIGHTHAVEN PROTOTYPE
1116,Rare,Y4S4,Headgear,COMPETITOR THERMITE '20
1117,Rare,Y4S4,Headgear,COMPETITOR CAVEIRA '20
1118,Rare,Y4S4,Headgear,NIGHTHAVEN PROTOTYPE
1119,Rare,Y4S4,Headgear,COMPETITOR HIBANA '20
1120,Rare,Y5S1,Headgear,HONEST WORKER
1121,Rare,Y5S2,Headgear,STYLED CUT
1122,Rare,Y6S1,Headgear,PLAIN SIGHT
1123,Rare,Y6S1,Headgear,THROWBACK HOOPS
1124,Rare,Y6S2,Headgear,MESSY BUN
1125,Rare,Y6S2,Headgear,MUD-CAKED
1126,Rare,Y6S3,Headgear,LINE OF SIGHT
1127,Rare,Y6S4,Headgear,YETI'S GAZE
1128,Rare,Y6S4,Headgear,DOUBLE FROST
1129,Rare,Y7S2,Headgear,WOLFGUARD STANDARD
1130,Rare,Y7S3,Headgear,WEARABLE CANVAS
1131,Rare,Y7S3,Headgear,CARAPACE CASING
1132,Rare,Y8S4,Headgear,S.I. 2024 MANEUVER
1133,Rare,Y9S1,Headgear,THOUSAND BATTLE STARE
1134,Rare,Y9S3,Headgear,KINETIC ARCHITECTURE
1135,Rare,Y8S2,Card Background,SOLEMN SPACE
1136,Rare,Y8S3,Card Background,DISQUIETUDE
1137,Rare,Y9S3,Card Background,ON SHINING WAVES
1138,Rare,Y7S4,Operator Portrait,REDHAMMER STANDARD
1139,Rare,Y8S3,Operator Portrait,BUSAN HOWLER
1140,Rare,Y8S3,Operator Portrait,EMPIRIC
1141,Rare,Y8S3,Operator Portrait,INFECTIOUS GROWTH
1142,Rare,Y9S2,Operator Portrait,BOLTED FRAME '24
1143,Rare,Y9S2,Operator Portrait,CARBON COPY '24
1144,Rare,Y9S2,Operator Portrait,CHROME PERSON '24
1145,Rare,Y9S2,Operator Portrait,PRIMARY UNIT '24
1146,Rare,Y9S2,Operator Portrait,MAKE IT RAIN
1147,Rare,Y9S3,Operator Portrait,ROTTEN '24
1148,Rare,Y9S3,Operator Portrait,LAGOON BEAST '24
1149,Rare,Y9S3,Operator Portrait,LAGOON BEAST '24
1150,Rare,Y9S3,Operator Portrait,DARK LACE '24
1151,Rare,Y9S3,Operator Portrait,PLANT OF PREY '24
1152,Rare,Y9S3,Operator Portrait,ANTHEMION
1153,Rare,Y2S3,Uniform,DESECRATOR
1154,Rare,Y3S1,Uniform,DECONTAMINATION
1155,Rare,Y3S1,Uniform,DECONTAMINATION
1156,Rare,Y3S1,Uniform,DECONTAMINATION
1157,Rare,Y3S1,Uniform,DECONTAMINATION
1158,Rare,Y3S1,Uniform,DECONTAMINATION
1159,Rare,Y3S1,Uniform,DECONTAMINATION
1160,Rare,Y3S1,Uniform,DECONTAMINATION
1161,Rare,Y3S1,Uniform,DECONTAMINATION
1162,Rare,Y3S2,Uniform,SONORAN CHILL
1163,Rare,Y4S2,Uniform,ROUGH DENIM
1164,Rare,Y4S2,Uniform,RAWHIDE OUTLAW
1165,Rare,Y4S2,Uniform,DARK COWHIDE
1166,Rare,Y4S2,Uniform,PLATED BRAZILIAN
1167,Rare,Y4S3,Uniform,SEWER GRIME
1168,Rare,Y4S3,Uniform,PANDEMIC
1169,Rare,Y4S3,Uniform,DEAD OF NIGHT
1170,Rare,Y4S3,Uniform,CAPSIZED
1171,Rare,Y4S4,Uniform,NIGHTHAVEN PROTOTYPE
1172,Rare,Y4S4,Uniform,NIGHTHAVEN PROTOTYPE
1173,Rare,Y4S4,Uniform,NIGHTHAVEN PROTOTYPE
1174,Rare,Y4S4,Uniform,NIGHTHAVEN PROTOTYPE
1175,Rare,Y4S4,Uniform,NIGHTHAVEN PROTOTYPE
1176,Rare,Y4S4,Uniform,NIGHTHAVEN PROTOTYPE
1177,Rare,Y5S1,Uniform,VEHEMENT VICE
1178,Rare,Y5S1,Uniform,MISSION BLACKSMITH
1179,Rare,Y5S1,Uniform,BLUE-COLLAR
1180,Rare,Y5S1,Uniform,MISSION BLACKSMITH
1181,Rare,Y5S1,Uniform,BOLD REBEL
1182,Rare,Y5S1,Uniform,ENTERPRISE INDEPENDENT
1183,Rare,Y5S2,Uniform,CRIMSON DISPATCH
1184,Rare,Y5S2,Uniform,ALPINE TASK
1185,Rare,Y5S2,Uniform,LEATHER AND DENIM
1186,Rare,Y5S3,Uniform,MISSION BLACKSMITH
1187,Rare,Y5S3,Uniform,FURTIVE THRILL
1188,Rare,Y5S3,Uniform,FURTIVE GLOOM
1189,Rare,Y5S4,Uniform,MISSION BLACKSMITH
1190,Rare,Y5S4,Uniform,MISSION BLACKSMITH
1191,Rare,Y6S1,Uniform,ROVING HERMIT
1192,Rare,Y6S1,Uniform,CLOTH PATCHWORK
1193,Rare,Y6S1,Uniform,INFORMAL COVER-UP
1194,Rare,Y6S1,Uniform,IRIDESCENT SPILL
1195,Rare,Y6S2,Uniform,PEREGRINATION
1196,Rare,Y6S3,Uniform,NHVN UTILITARIAN
1197,Rare,Y6S3,Uniform,ELECTRICAL ENGINEER
1198,Rare,Y6S4,Uniform,RETRO SKI
1199,Rare,Y6S4,Uniform,MISSION BLACKSMITH
1200,Rare,Y6S4,Uniform,CLEAR IMPRINT
1201,Rare,Y7S1,Uniform,VICIOUS ASP
1202,Rare,Y7S1,Uniform,DRAGONFLY SCOUT
1203,Rare,Y7S1,Uniform,SCORCHING ZEAL
1204,Rare,Y7S2,Uniform,GOLD LEAF
1205,Rare,Y8S3,Uniform,BIGHORN GREY
1206,Rare,Y8S4,Uniform,S.I. 2024 SLICK
1207,Rare,Y8S4,Uniform,FROZEN
1208,Rare,Y9S1,Uniform,PINNACLE SOLDIER
1209,Rare,Y9S2,Uniform,CARBON COPY '24
1210,Rare,Y9S2,Uniform,PRIMARY UNIT '24
1211,Rare,Y9S3,Uniform,LAGOON BEAST '24
1212,Rare,Y9S3,Uniform,DARK LACE '24
1213,Rare,Y9S3,Uniform,ROTTEN '24
1214,Rare,Y9S3,Uniform,ANIMATED MONUMENT
1215,Rare,Y9S3,Uniform,FABLED PLUMAGE
1216,Rare,Y9S3,Uniform,PLANT OF PREY '24
1217,Rare,Y7S4,Attachment Skin,PEARL RIPPLE
1218,Rare,Y8S3,Attachment Skin,GOSSAMER DEMISE
1219,Rare,Y9S2,Attachment Skin,GAME ONSLAUGHT
1220,Rare,Y9S3,Attachment Skin,DARK FAMILIARS
1221,Rare,Y9S3,Attachment Skin,FLIGHT OF TRIUMPH
1222,Rare,Y1S2,Weapon Skin,DUST LINE
1223,Rare,Y1S2,Weapon Skin,RACER 03
1224,Rare,Y1S2,Weapon Skin,DUST LINE
1225,Rare,Y1S2,Weapon Skin,DUST LINE
1226,Rare,Y1S2,Weapon Skin,RACER 05
1227,Rare,Y1S2,Weapon Skin,DUST LINE
1228,Rare,Y1S2,Weapon Skin,DUST LINE
1229,Rare,Y1S2,Weapon Skin,RACER 09
1230,Rare,Y1S2,Weapon Skin,RACER 23
1231,Rare,Y1S2,Weapon Skin,DUST LINE
1232,Rare,Y1S2,Weapon Skin,RACER 04
1233,Rare,Y1S2,Weapon Skin,RACER 05
1234,Rare,Y1S2,Weapon Skin,DUST LINE
1235,Rare,Y1S2,Weapon Skin,RACER 05
1236,Rare,Y1S2,Weapon Skin,RACER 04
1237,Rare,Y1S2,Weapon Skin,DUST LINE
1238,Rare,Y1S2,Weapon Skin,DUST LINE
1239,Rare,Y1S2,Weapon Skin,RACER 04
1240,Rare,Y1S2,Weapon Skin,DUST LINE
1241,Rare,Y1S2,Weapon Skin,RACER 33
1242,Rare,Y1S2,Weapon Skin,RACER 23
1243,Rare,Y1S2,Weapon Skin,RACER 09
1244,Rare,Y1S2,Weapon Skin,DUST LINE
1245,Rare,Y1S2,Weapon Skin,DUST LINE
1246,Rare,Y1S2,Weapon Skin,RACER 23
1247,Rare,Y1S2,Weapon Skin,RACER 06
1248,Rare,Y1S2,Weapon Skin,RACER 06
1249,Rare,Y1S2,Weapon Skin,RACER 04
1250,Rare,Y1S2,Weapon Skin,DUST LINE
1251,Rare,Y1S2,Weapon Skin,DUST LINE
1252,Rare,Y1S2,Weapon Skin,RACER 03
1253,Rare,Y1S2,Weapon Skin,RACER 33
1254,Rare,Y1S2,Weapon Skin,DUST LINE
1255,Rare,Y1S2,Weapon Skin,RACER 33
1256,Rare,Y1S2,Weapon Skin,RACER 23
1257,Rare,Y1S2,Weapon Skin,DUST LINE
1258,Rare,Y1S2,Weapon Skin,RACER 04
1259,Rare,Y1S2,Weapon Skin,DUST LINE
1260,Rare,Y1S2,Weapon Skin,RACER 06
1261,Rare,Y1S2,Weapon Skin,DUST LINE
1262,Rare,Y1S2,Weapon Skin,RACER 04
1263,Rare,Y1S2,Weapon Skin,DUST LINE
1264,Rare,Y1S2,Weapon Skin,DUST LINE
1265,Rare,Y1S2,Weapon Skin,DUST LINE
1266,Rare,Y1S2,Weapon Skin,DUST LINE
1267,Rare,Y1S2,Weapon Skin,RACER 09
1268,Rare,Y1S2,Weapon Skin,RACER 05
1269,Rare,Y1S2,Weapon Skin,RACER 23
1270,Rare,Y1S2,Weapon Skin,RACER 33
1271,Rare,Y1S2,Weapon Skin,RACER 03
1272,Rare,Y1S2,Weapon Skin,RACER 09
1273,Rare,Y1S2,Weapon Skin,RACER 09
1274,Rare,Y1S2,Weapon Skin,DUST LINE
1275,Rare,Y1S2,Weapon Skin,DUST LINE
1276,Rare,Y1S2,Weapon Skin,RACER 03
1277,Rare,Y1S2,Weapon Skin,RACER 03
1278,Rare,Y1S2,Weapon Skin,DUST LINE
1279,Rare,Y1S2,Weapon Skin,DUST LINE
1280,Rare,Y1S2,Weapon Skin,DUST LINE
1281,Rare,Y1S2,Weapon Skin,RACER 09
1282,Rare,Y1S2,Weapon Skin,RACER 04
1283,Rare,Y1S2,Weapon Skin,DUST LINE
1284,Rare,Y1S2,Weapon Skin,DUST LINE
1285,Rare,Y1S2,Weapon Skin,DUST LINE
1286,Rare,Y1S2,Weapon Skin,RACER 23
1287,Rare,Y1S2,Weapon Skin,DUST LINE
1288,Rare,Y1S2,Weapon Skin,RACER 23
1289,Rare,Y1S2,Weapon Skin,DUST LINE
1290,Rare,Y1S2,Weapon Skin,DUST LINE
1291,Rare,Y1S2,Weapon Skin,RACER 03
1292,Rare,Y1S2,Weapon Skin,RACER 33
1293,Rare,Y1S2,Weapon Skin,DUST LINE
1294,Rare,Y1S2,Weapon Skin,RACER 06
1295,Rare,Y1S2,Weapon Skin,DUST LINE
1296,Rare,Y1S2,Weapon Skin,RACER 05
1297,Rare,Y1S2,Weapon Skin,DUST LINE
1298,Rare,Y1S2,Weapon Skin,DUST LINE
1299,Rare,Y1S2,Weapon Skin,DUST LINE
1300,Rare,Y1S2,Weapon Skin,DUST LINE
1301,Rare,Y1S2,Weapon Skin,DUST LINE
1302,Rare,Y1S2,Weapon Skin,RACER 33
1303,Rare,Y1S2,Weapon Skin,RACER 33
1304,Rare,Y1S2,Weapon Skin,DUST LINE
1305,Rare,Y1S2,Weapon Skin,RACER 09
1306,Rare,Y1S2,Weapon Skin,DUST LINE
1307,Rare,Y1S2,Weapon Skin,DUST LINE
1308,Rare,Y1S2,Weapon Skin,RACER 06
1309,Rare,Y1S2,Weapon Skin,RACER 03
1310,Rare,Y1S2,Weapon Skin,DUST LINE
1311,Rare,Y1S3,Weapon Skin,AZULEJOS
1312,Rare,Y1S4,Weapon Skin,FUJIN RAIJIN
1313,Rare,Y1S4,Weapon Skin,ONAMI
1314,Rare,Y2S1,Weapon Skin,LEN FURIOSO
1315,Rare,Y2S3,Weapon Skin,ETHEREAL
1316,Rare,Y3S1,Weapon Skin,HAZMAT YELLOW
1317,Rare,Y3S1,Weapon Skin,ANCESTRAL SOUTHWEST
1318,Rare,Y3S1,Weapon Skin,RUSTY TRIGGER
1319,Rare,Y3S1,Weapon Skin,HAZMAT YELLOW
1320,Rare,Y3S1,Weapon Skin,TOXIC GRIP
1321,Rare,Y3S1,Weapon Skin,HAZMAT YELLOW
1322,Rare,Y3S1,Weapon Skin,TOXIC GRIP
1323,Rare,Y3S1,Weapon Skin,HAZMAT YELLOW
1324,Rare,Y3S1,Weapon Skin,TOXIC GRIP
1325,Rare,Y3S1,Weapon Skin,TOXIC GRIP
1326,Rare,Y3S2,Weapon Skin,ORANGE PEEL
1327,Rare,Y3S2,Weapon Skin,SUBTROPICAL
1328,Rare,Y3S2,Weapon Skin,ANCIENT MARBLE
1329,Rare,Y3S2,Weapon Skin,CARNEVALE
1330,Rare,Y3S2,Weapon Skin,RENAISSANCE
1331,Rare,Y3S3,Weapon Skin,MAJESTY
1332,Rare,Y3S3,Weapon Skin,WHITEHALL 1212
1333,Rare,Y3S3,Weapon Skin,SOVEREIGN
1334,Rare,Y3S3,Weapon Skin,SPITFIRE
1335,Rare,Y3S4,Weapon Skin,BAROQUE EXALTED
1336,Rare,Y3S4,Weapon Skin,PAINTED FLORAL
1337,Rare,Y3S4,Weapon Skin,TERRA COTTA
1338,Rare,Y4S1,Weapon Skin,CROCODYLUS
1339,Rare,Y4S1,Weapon Skin,OCEAN'S TEETH
1340,Rare,Y4S1,Weapon Skin,BOARD COVE
1341,Rare,Y4S1,Weapon Skin,AUSTRAL
1342,Rare,Y4S2,Weapon Skin,OLD SATIN
1343,Rare,Y4S2,Weapon Skin,GUNSLINGER
1344,Rare,Y4S2,Weapon Skin,STRIKE FORCE
1345,Rare,Y4S2,Weapon Skin,WAFFLE CONE
1346,Rare,Y4S2,Weapon Skin,SILVER JET
1347,Rare,Y4S2,Weapon Skin,DESTROYER
1348,Rare,Y4S2,Weapon Skin,BARN GUARD
1349,Rare,Y4S2,Weapon Skin,BOUNTY SEEKER
1350,Rare,Y4S2,Weapon Skin,SECRET STAR
1351,Rare,Y4S3,Weapon Skin,VOLT BURN
1352,Rare,Y4S3,Weapon Skin,CONTAGION
1353,Rare,Y4S3,Weapon Skin,ETERNAL WIND
1354,Rare,Y4S3,Weapon Skin,BLACKWOOD
1355,Rare,Y4S3,Weapon Skin,HARVESTER
1356,Rare,Y4S3,Weapon Skin,CHARRED
1357,Rare,Y4S3,Weapon Skin,BONE MARROW
1358,Rare,Y4S3,Weapon Skin,ACID SCOURGE
1359,Rare,Y4S3,Weapon Skin,ETERNAL SUN
1360,Rare,Y4S4,Weapon Skin,COMPETITOR HIBANA '20
1361,Rare,Y4S4,Weapon Skin,PALACE VIRTUE
1362,Rare,Y4S4,Weapon Skin,COMPETITOR THERMITE '20
1363,Rare,Y4S4,Weapon Skin,VESSEL WAVE
1364,Rare,Y4S4,Weapon Skin,COMPETITOR SLEDGE '20
1365,Rare,Y5S1,Weapon Skin,SABER CARVE
1366,Rare,Y5S1,Weapon Skin,FLUSH PILLAR
1367,Rare,Y5S2,Weapon Skin,SATURATED
1368,Rare,Y5S2,Weapon Skin,FORGED TURRET
1369,Rare,Y5S2,Weapon Skin,CONTROLLER GROOVE
1370,Rare,Y5S2,Weapon Skin,VITAL FLOW
1371,Rare,Y5S2,Weapon Skin,WOODEN CARVINGS
1372,Rare,Y5S2,Weapon Skin,COMPOSITE RECEIVER
1373,Rare,Y5S3,Weapon Skin,WOVEN YARN
1374,Rare,Y5S3,Weapon Skin,WOVEN YARN
1375,Rare,Y5S3,Weapon Skin,WOVEN YARN
1376,Rare,Y5S3,Weapon Skin,WOVEN YARN
1377,Rare,Y5S3,Weapon Skin,WOVEN YARN
1378,Rare,Y5S3,Weapon Skin,WOVEN YARN
1379,Rare,Y5S3,Weapon Skin,WOVEN YARN
1380,Rare,Y5S3,Weapon Skin,DARKNESS GLOW
1381,Rare,Y5S3,Weapon Skin,WETLAND OXIDATION
1382,Rare,Y5S3,Weapon Skin,WOVEN YARN
1383,Rare,Y5S3,Weapon Skin,WOVEN YARN
1384,Rare,Y5S3,Weapon Skin,WOVEN YARN
1385,Rare,Y5S4,Weapon Skin,GOLD IMPACT
1386,Rare,Y6S1,Weapon Skin,CARTOGRAPHY
1387,Rare,Y6S1,Weapon Skin,ERODED LOOT
1388,Rare,Y6S1,Weapon Skin,THE BIG GUN
1389,Rare,Y6S1,Weapon Skin,JUNKYARD TROVE
1390,Rare,Y6S1,Weapon Skin,LEAKING OIL
1391,Rare,Y6S1,Weapon Skin,DETRITUS
1392,Rare,Y6S1,Weapon Skin,TARNISHED TOOL
1393,Rare,Y6S1,Weapon Skin,SPRAYED STEEL
1394,Rare,Y6S2,Weapon Skin,ANTI-RESURGENCE
1395,Rare,Y6S2,Weapon Skin,MODELED HIVES
1396,Rare,Y6S2,Weapon Skin,THERMOPLASTICS
1397,Rare,Y6S2,Weapon Skin,BENCHMARK MODEL
1398,Rare,Y6S4,Weapon Skin,RARE SIGHTING
1399,Rare,Y6S4,Weapon Skin,HOMETOWN SHOT
1400,Rare,Y7S1,Weapon Skin,LIGHTNING STRIKE
1401,Rare,Y7S2,Weapon Skin,MOLECULAR ATTACHMENT
1402,Rare,Y7S2,Weapon Skin,REGAL AUTHORITY
1403,Rare,Y7S2,Weapon Skin,TISSUE INTERFACE
1404,Rare,Y7S2,Weapon Skin,WOLFGUARD TECH
1405,Rare,Y7S3,Weapon Skin,TRANSMOGRIFICATION
1406,Rare,Y7S3,Weapon Skin,GORE ORE
1407,Rare,Y7S3,Weapon Skin,WEATHERED PARTNER
1408,Rare,Y7S4,Weapon Skin,PIERCING RAYS
1409,Rare,Y7S4,Weapon Skin,DREAMS OF TUMBAGA
1410,Rare,Y7S4,Weapon Skin,REDHAMMER TECH
1411,Rare,Y8S1,Weapon Skin,FRIEND OR DOE
1412,Rare,Y8S1,Weapon Skin,TROPICAL UNDERBRUSH
1413,Rare,Y8S1,Weapon Skin,TO BEAR ARMS
1414,Rare,Y8S3,Weapon Skin,CREEPIE-CRAWLIE PREDATORY
1415,Rare,Y8S3,Weapon Skin,INTERLACED
1416,Rare,Y8S4,Weapon Skin,SUPERSTORM
1417,Rare,Y8S4,Weapon Skin,S.I. 2024 GRADIENT
1418,Rare,Y9S1,Weapon Skin,SCRATCHED SURFACE
1419,Rare,Y9S1,Weapon Skin,HUNTER PREROGATIVE
1420,Rare,Y9S2,Weapon Skin,METALLURGY LUSTER '24
1421,Rare,Y9S2,Weapon Skin,COMPOSITE RECEIVER '24
1422,Rare,Y9S2,Weapon Skin,FORGED TURRET '24
1423,Rare,Y9S2,Weapon Skin,BREATH-HOLD
1424,Rare,Y9S2,Weapon Skin,SHATTERING POINT
1425,Rare,Y9S2,Weapon Skin,CONTROLLER GROOVE '24
1426,Rare,Y9S3,Weapon Skin,HELLISH TAPESTRY '24
1427,Rare,Y9S3,Weapon Skin,TRANQUIL SEAS
1428,Rare,Y9S3,Weapon Skin,OLEA EUROPAEA
1429,Rare,Y9S3,Weapon Skin,CLOT BURST '24
1430,Rare,Y9S3,Weapon Skin,OSSIFICATION '24
